2025-05-23 14:03:48,138 [INFO] Activator:176 - 


2025-05-23 14:03:48,140 [INFO] Activator:177 - !SESSION log4j initialized
2025-05-23 14:03:51,118 [INFO] LogOutputStream:77 - [STDOUT_REDIRECT] 
2025-05-23 14:03:53,862 [INFO] ApplicationProperties:184 - Using Application install path: C:\ST\STM32CubeIDE_1.18.0\STM32CubeIDE\plugins\com.st.stm32cube.common.mx_6.14.1.202504091515
2025-05-23 14:03:53,887 [INFO] DbMcusXml:78 - Set database path to: C:\ST\STM32CubeIDE_1.18.0\STM32CubeIDE\plugins\com.st.stm32cube.common.mx_6.14.1.202504091515\\db\/mcu/
2025-05-23 14:03:53,887 [INFO] ApiDb:274 - Set plugin database path to: C:\ST\STM32CubeIDE_1.18.0\STM32CubeIDE\plugins\com.st.stm32cube.common.mx_6.14.1.202504091515\\db\/plugins/boardmanager/
2025-05-23 14:03:53,888 [WARN] ApiDb:259 - Overriding images path with different value:  => C:\ST\STM32CubeIDE_1.18.0\STM32CubeIDE\plugins\com.st.stm32cube.common.mx_6.14.1.202504091515\\db\/plugins/mcufinder/images/
2025-05-23 14:03:53,899 [INFO] ApiDb:250 - Set database path to: C:\Users\yttey\.stmcufinder\plugins\mcufinder//mcu/
2025-05-23 14:03:53,901 [INFO] DbMcusAds:125 - Set database path to: C:\Users\yttey\.stmcufinder\plugins\mcufinder//mcu/
2025-05-23 14:03:53,904 [INFO] CrossReferenceDbSqlite:203 - Set database path to: C:\Users\yttey\.stmcufinder\plugins\mcufinder//mcu/cs/
2025-05-23 14:03:54,063 [INFO] RulesReader:64 - Compatibility file has been processed (302 Rules)
2025-05-23 14:03:54,212 [INFO] DbMcusXml:78 - Set database path to: C:\ST\STM32CubeIDE_1.18.0\STM32CubeIDE\plugins\com.st.stm32cube.common.mx_6.14.1.202504091515\\db\/mcu/
2025-05-23 14:03:54,212 [INFO] ApiDb:274 - Set plugin database path to: C:\ST\STM32CubeIDE_1.18.0\STM32CubeIDE\plugins\com.st.stm32cube.common.mx_6.14.1.202504091515\\db\/plugins/boardmanager/
2025-05-23 14:03:54,212 [INFO] ApiDb:261 - Set plugin images path to: C:\ST\STM32CubeIDE_1.18.0\STM32CubeIDE\plugins\com.st.stm32cube.common.mx_6.14.1.202504091515\\db\/plugins/mcufinder/images/
2025-05-23 14:03:54,212 [WARN] DbFile:41 - Overriding database path with different value: C:\Users\yttey\.stmcufinder\plugins\mcufinder/ => C:\Users\yttey\.stmcufinder\plugins\mcufinder
2025-05-23 14:03:54,213 [INFO] ApiDb:250 - Set database path to: C:\Users\yttey\.stmcufinder\plugins\mcufinder//mcu/
2025-05-23 14:03:54,213 [WARN] DbFile:41 - Overriding database path with different value: C:\Users\yttey\.stmcufinder\plugins\mcufinder/ => C:\Users\yttey\.stmcufinder\plugins\mcufinder
2025-05-23 14:03:54,213 [INFO] DbMcusAds:125 - Set database path to: C:\Users\yttey\.stmcufinder\plugins\mcufinder//mcu/
2025-05-23 14:03:54,213 [WARN] DbFile:41 - Overriding database path with different value: C:\Users\yttey\.stmcufinder\plugins\mcufinder/ => C:\Users\yttey\.stmcufinder\plugins\mcufinder
2025-05-23 14:03:54,213 [WARN] DbFile:41 - Overriding database path with different value: C:\Users\yttey\.stmcufinder\plugins\mcufinder/ => C:\Users\yttey\.stmcufinder\plugins\mcufinder
2025-05-23 14:03:54,214 [INFO] CrossReferenceDbSqlite:203 - Set database path to: C:\Users\yttey\.stmcufinder\plugins\mcufinder//mcu/cs/
2025-05-23 14:03:54,335 [INFO] MainPanel:272 - HeapMemory: 268435456
2025-05-23 14:03:54,545 [INFO] DbMcusXml:78 - Set database path to: C:\ST\STM32CubeIDE_1.18.0\STM32CubeIDE\plugins\com.st.stm32cube.common.mx_6.14.1.202504091515\\db\/mcu/
2025-05-23 14:03:54,545 [INFO] ApiDb:274 - Set plugin database path to: C:\ST\STM32CubeIDE_1.18.0\STM32CubeIDE\plugins\com.st.stm32cube.common.mx_6.14.1.202504091515\\db\/plugins/boardmanager/
2025-05-23 14:03:54,545 [INFO] ApiDb:261 - Set plugin images path to: C:\ST\STM32CubeIDE_1.18.0\STM32CubeIDE\plugins\com.st.stm32cube.common.mx_6.14.1.202504091515\\db\/plugins/mcufinder/images/
2025-05-23 14:03:54,545 [WARN] DbFile:41 - Overriding database path with different value: C:\Users\yttey\.stmcufinder\plugins\mcufinder/ => C:\Users\yttey\.stmcufinder\plugins\mcufinder
2025-05-23 14:03:54,546 [INFO] ApiDb:250 - Set database path to: C:\Users\yttey\.stmcufinder\plugins\mcufinder//mcu/
2025-05-23 14:03:54,546 [WARN] DbFile:41 - Overriding database path with different value: C:\Users\yttey\.stmcufinder\plugins\mcufinder/ => C:\Users\yttey\.stmcufinder\plugins\mcufinder
2025-05-23 14:03:54,546 [INFO] DbMcusAds:125 - Set database path to: C:\Users\yttey\.stmcufinder\plugins\mcufinder//mcu/
2025-05-23 14:03:54,546 [WARN] DbFile:41 - Overriding database path with different value: C:\Users\yttey\.stmcufinder\plugins\mcufinder/ => C:\Users\yttey\.stmcufinder\plugins\mcufinder
2025-05-23 14:03:54,546 [WARN] DbFile:41 - Overriding database path with different value: C:\Users\yttey\.stmcufinder\plugins\mcufinder/ => C:\Users\yttey\.stmcufinder\plugins\mcufinder
2025-05-23 14:03:54,546 [INFO] CrossReferenceDbSqlite:203 - Set database path to: C:\Users\yttey\.stmcufinder\plugins\mcufinder//mcu/cs/
2025-05-23 14:03:54,575 [INFO] ApplicationProperties:184 - Using Application install path: C:\ST\STM32CubeIDE_1.18.0\STM32CubeIDE\plugins\com.st.stm32cube.common.mx_6.14.1.202504091515
2025-05-23 14:03:54,577 [INFO] PluginManage:196 - Search for loadable plugins [exclusion list=, ]
2025-05-23 14:03:54,579 [INFO] PluginManage:310 - Check plugin analytics
2025-05-23 14:03:54,829 [INFO] AnalyticsPlugin:253 - Accepted Software Licenses: 
2025-05-23 14:03:54,829 [INFO] AnalyticsPlugin:255 - Accepted CMSIS Pack Licenses: 
2025-05-23 14:03:54,830 [INFO] AnalyticsPlugin:257 - Accepted Firmware Licenses: 
2025-05-23 14:03:54,833 [INFO] PluginManage:359 - Loaded plugin analytics (category:tool,tabindex:-1)
2025-05-23 14:03:54,834 [INFO] PluginManage:310 - Check plugin cadmodel
2025-05-23 14:03:54,843 [INFO] CADModel:105 - Init CAD model plugin
2025-05-23 14:03:54,843 [INFO] PluginManage:359 - Loaded plugin cadmodel (category:power,tabindex:5)
2025-05-23 14:03:54,844 [INFO] PluginManage:310 - Check plugin clock
2025-05-23 14:03:54,860 [INFO] PluginManage:359 - Loaded plugin clock (category:base,tabindex:2)
2025-05-23 14:03:54,860 [INFO] PluginManage:310 - Check plugin ddr
2025-05-23 14:03:54,864 [INFO] PluginManage:359 - Loaded plugin ddr (category:tool,tabindex:6)
2025-05-23 14:03:54,864 [INFO] PluginManage:310 - Check plugin filemanager
2025-05-23 14:03:55,139 [INFO] PluginManage:359 - Loaded plugin filemanager (category:base,tabindex:10)
2025-05-23 14:03:55,140 [INFO] PluginManage:310 - Check plugin ipmanager
2025-05-23 14:03:55,150 [INFO] PluginManage:359 - Loaded plugin ipmanager (category:base,tabindex:5)
2025-05-23 14:03:55,150 [INFO] PluginManage:310 - Check plugin lpbam
2025-05-23 14:03:55,161 [INFO] PluginManage:359 - Loaded plugin lpbam (category:base,tabindex:0)
2025-05-23 14:03:55,162 [INFO] PluginManage:310 - Check plugin memorymap
2025-05-23 14:03:55,180 [INFO] PluginManage:359 - Loaded plugin memorymap (category:base,tabindex:4)
2025-05-23 14:03:55,180 [INFO] PluginManage:310 - Check plugin pinoutandconfiguration
2025-05-23 14:03:55,192 [INFO] PluginManage:359 - Loaded plugin pinoutandconfiguration (category:base,tabindex:1)
2025-05-23 14:03:55,192 [INFO] PluginManage:310 - Check plugin pinoutconfig
2025-05-23 14:03:55,316 [WARN] SupportedApi:132 - Cannot load RTOS API schema: s4s-elt-must-match.1: The content of 'definitions' must match (annotation?, (simpleType | complexType)?, (unique | key | keyref)*)). A problem was found starting at: attribute.
2025-05-23 14:03:55,503 [INFO] PluginManage:359 - Loaded plugin pinoutconfig (category:base,tabindex:0)
2025-05-23 14:03:55,503 [INFO] PluginManage:310 - Check plugin power
2025-05-23 14:03:55,516 [INFO] PluginManage:359 - Loaded plugin power (category:power,tabindex:4)
2025-05-23 14:03:55,516 [INFO] PluginManage:310 - Check plugin projectmanager
2025-05-23 14:03:55,537 [INFO] PluginManage:359 - Loaded plugin projectmanager (category:projectmanager,tabindex:4)
2025-05-23 14:03:55,537 [INFO] PluginManage:310 - Check plugin rif
2025-05-23 14:03:55,547 [INFO] PluginManage:359 - Loaded plugin rif (category:base,tabindex:3)
2025-05-23 14:03:55,547 [INFO] PluginManage:310 - Check plugin thirdparty
2025-05-23 14:03:55,736 [INFO] PluginManage:359 - Loaded plugin thirdparty (category:base,tabindex:-1)
2025-05-23 14:03:55,736 [WARN] IntegrityCheckThread:84 - waiting for thirdparty lock release [integrity check]
2025-05-23 14:03:55,736 [INFO] PluginManage:310 - Check plugin tools
2025-05-23 14:03:55,736 [INFO] IntegrityCheckThread:86 - entering critical section [integrity check]
2025-05-23 14:03:55,737 [INFO] ThirdPartyUpdaterWithRetryManager:70 - Updater plugin not ready yet. [1/15]
2025-05-23 14:03:55,740 [INFO] PluginManage:359 - Loaded plugin tools (category:base,tabindex:7)
2025-05-23 14:03:55,740 [INFO] PluginManage:310 - Check plugin tutovideos
2025-05-23 14:03:56,005 [INFO] PluginManage:359 - Loaded plugin tutovideos (category:base,tabindex:-1)
2025-05-23 14:03:56,005 [INFO] PluginManage:310 - Check plugin updater
2025-05-23 14:03:56,039 [INFO] PluginManage:359 - Loaded plugin updater (category:base,tabindex:12)
2025-05-23 14:03:56,040 [INFO] PluginManage:310 - Check plugin userauth
2025-05-23 14:03:56,045 [INFO] UserAuth:118 - Init User Auth plugin
2025-05-23 14:03:56,046 [INFO] PluginManage:359 - Loaded plugin userauth (category:base,tabindex:14)
2025-05-23 14:03:56,047 [INFO] PluginManage:283 - PluginManage : Loaded plugins [18]
2025-05-23 14:03:56,372 [INFO] PinOutPanel:1589 - setPackage(No Configuration,No Configuration)
2025-05-23 14:03:56,503 [INFO] CADModel:165 - CPN selected for project level
2025-05-23 14:03:56,504 [INFO] CADModel:114 - Register for checkConnection events
2025-05-23 14:03:56,528 [INFO] IPUIPlugin:80 - create IPUIPlugin
2025-05-23 14:03:56,529 [INFO] PluginManager:220 - loadIPPluginJar : add adc
2025-05-23 14:03:56,534 [INFO] IPUIPlugin:80 - create IPUIPlugin
2025-05-23 14:03:56,534 [INFO] PluginManager:220 - loadIPPluginJar : add aes
2025-05-23 14:03:56,539 [INFO] IPUIPlugin:80 - create IPUIPlugin
2025-05-23 14:03:56,540 [INFO] PluginManager:220 - loadIPPluginJar : add can
2025-05-23 14:03:56,542 [INFO] IPUIPlugin:80 - create IPUIPlugin
2025-05-23 14:03:56,542 [INFO] PluginManager:220 - loadIPPluginJar : add comp
2025-05-23 14:03:56,546 [INFO] IPUIPlugin:80 - create IPUIPlugin
2025-05-23 14:03:56,546 [INFO] PluginManager:220 - loadIPPluginJar : add cryp
2025-05-23 14:03:56,550 [INFO] IPUIPlugin:80 - create IPUIPlugin
2025-05-23 14:03:56,551 [INFO] PluginManager:220 - loadIPPluginJar : add ddr_ctrl_phy
2025-05-23 14:03:56,555 [INFO] IPUIPlugin:80 - create IPUIPlugin
2025-05-23 14:03:56,555 [INFO] PluginManager:220 - loadIPPluginJar : add dfsdm
2025-05-23 14:03:56,562 [INFO] IPUIPlugin:80 - create IPUIPlugin
2025-05-23 14:03:56,562 [INFO] PluginManager:220 - loadIPPluginJar : add dma
2025-05-23 14:03:56,566 [INFO] IPUIPlugin:80 - create IPUIPlugin
2025-05-23 14:03:56,566 [INFO] PluginManager:220 - loadIPPluginJar : add dma3
2025-05-23 14:03:56,570 [INFO] IPUIPlugin:80 - create IPUIPlugin
2025-05-23 14:03:56,570 [INFO] PluginManager:220 - loadIPPluginJar : add extmemmanager
2025-05-23 14:03:56,573 [INFO] IPUIPlugin:80 - create IPUIPlugin
2025-05-23 14:03:56,573 [INFO] PluginManager:220 - loadIPPluginJar : add fatfs
2025-05-23 14:03:56,580 [INFO] IPUIPlugin:80 - create IPUIPlugin
2025-05-23 14:03:56,580 [INFO] PluginManager:220 - loadIPPluginJar : add fmc
2025-05-23 14:03:56,592 [INFO] IPUIPlugin:80 - create IPUIPlugin
2025-05-23 14:03:56,592 [INFO] PluginManager:220 - loadIPPluginJar : add freertos
2025-05-23 14:03:56,595 [INFO] IPUIPlugin:80 - create IPUIPlugin
2025-05-23 14:03:56,595 [INFO] PluginManager:220 - loadIPPluginJar : add genericplugin
2025-05-23 14:03:56,598 [INFO] IPUIPlugin:80 - create IPUIPlugin
2025-05-23 14:03:56,598 [INFO] PluginManager:220 - loadIPPluginJar : add gfxmmu
2025-05-23 14:03:56,605 [INFO] IPUIPlugin:80 - create IPUIPlugin
2025-05-23 14:03:56,605 [INFO] PluginManager:220 - loadIPPluginJar : add gic
2025-05-23 14:03:56,610 [INFO] IPUIPlugin:80 - create IPUIPlugin
2025-05-23 14:03:56,611 [INFO] PluginManager:220 - loadIPPluginJar : add gpio
2025-05-23 14:03:56,614 [INFO] IPUIPlugin:80 - create IPUIPlugin
2025-05-23 14:03:56,614 [INFO] PluginManager:220 - loadIPPluginJar : add gtzc
2025-05-23 14:03:56,618 [INFO] IPUIPlugin:80 - create IPUIPlugin
2025-05-23 14:03:56,618 [INFO] PluginManager:220 - loadIPPluginJar : add hash
2025-05-23 14:03:56,623 [INFO] IPUIPlugin:80 - create IPUIPlugin
2025-05-23 14:03:56,623 [INFO] PluginManager:220 - loadIPPluginJar : add i2c
2025-05-23 14:03:56,627 [INFO] IPUIPlugin:80 - create IPUIPlugin
2025-05-23 14:03:56,627 [INFO] PluginManager:220 - loadIPPluginJar : add i2s
2025-05-23 14:03:56,631 [INFO] IPUIPlugin:80 - create IPUIPlugin
2025-05-23 14:03:56,631 [INFO] PluginManager:220 - loadIPPluginJar : add i3c
2025-05-23 14:03:56,636 [INFO] IPUIPlugin:80 - create IPUIPlugin
2025-05-23 14:03:56,636 [INFO] PluginManager:220 - loadIPPluginJar : add ipddr
2025-05-23 14:03:56,644 [INFO] IPUIPlugin:80 - create IPUIPlugin
2025-05-23 14:03:56,644 [INFO] PluginManager:220 - loadIPPluginJar : add linkedlist
2025-05-23 14:03:56,650 [INFO] IPUIPlugin:80 - create IPUIPlugin
2025-05-23 14:03:56,650 [INFO] PluginManager:220 - loadIPPluginJar : add lorawan
2025-05-23 14:03:56,652 [INFO] IPUIPlugin:80 - create IPUIPlugin
2025-05-23 14:03:56,652 [INFO] PluginManager:220 - loadIPPluginJar : add ltdc
2025-05-23 14:03:56,659 [INFO] IPUIPlugin:80 - create IPUIPlugin
2025-05-23 14:03:56,659 [INFO] PluginManager:220 - loadIPPluginJar : add mdma
2025-05-23 14:03:56,665 [INFO] IPUIPlugin:80 - create IPUIPlugin
2025-05-23 14:03:56,665 [INFO] PluginManager:220 - loadIPPluginJar : add nvic
2025-05-23 14:03:56,670 [INFO] IPUIPlugin:80 - create IPUIPlugin
2025-05-23 14:03:56,670 [INFO] PluginManager:220 - loadIPPluginJar : add opamp
2025-05-23 14:03:56,675 [INFO] IPUIPlugin:80 - create IPUIPlugin
2025-05-23 14:03:56,675 [INFO] PluginManager:220 - loadIPPluginJar : add openamp
2025-05-23 14:03:56,681 [INFO] IPUIPlugin:80 - create IPUIPlugin
2025-05-23 14:03:56,681 [INFO] PluginManager:220 - loadIPPluginJar : add pdm2pcm
2025-05-23 14:03:56,690 [INFO] IPUIPlugin:80 - create IPUIPlugin
2025-05-23 14:03:56,693 [INFO] PluginManager:220 - loadIPPluginJar : add plateformsettings
2025-05-23 14:03:56,696 [INFO] IPUIPlugin:80 - create IPUIPlugin
2025-05-23 14:03:56,696 [INFO] PluginManager:220 - loadIPPluginJar : add quadspi
2025-05-23 14:03:56,699 [INFO] IPUIPlugin:80 - create IPUIPlugin
2025-05-23 14:03:56,701 [INFO] PluginManager:220 - loadIPPluginJar : add radio
2025-05-23 14:03:56,707 [INFO] IPUIPlugin:80 - create IPUIPlugin
2025-05-23 14:03:56,707 [INFO] PluginManager:220 - loadIPPluginJar : add resmgrutility
2025-05-23 14:03:56,712 [INFO] IPUIPlugin:80 - create IPUIPlugin
2025-05-23 14:03:56,712 [INFO] PluginManager:220 - loadIPPluginJar : add sai
2025-05-23 14:03:56,716 [INFO] IPUIPlugin:80 - create IPUIPlugin
2025-05-23 14:03:56,716 [INFO] PluginManager:220 - loadIPPluginJar : add spi
2025-05-23 14:03:56,724 [INFO] IPUIPlugin:80 - create IPUIPlugin
2025-05-23 14:03:56,724 [INFO] PluginManager:220 - loadIPPluginJar : add stm32_wpan
2025-05-23 14:03:56,727 [INFO] IPUIPlugin:80 - create IPUIPlugin
2025-05-23 14:03:56,727 [INFO] PluginManager:220 - loadIPPluginJar : add tim
2025-05-23 14:03:56,731 [INFO] IPUIPlugin:80 - create IPUIPlugin
2025-05-23 14:03:56,732 [INFO] PluginManager:220 - loadIPPluginJar : add touchsensing
2025-05-23 14:03:56,734 [INFO] IPUIPlugin:80 - create IPUIPlugin
2025-05-23 14:03:56,734 [INFO] PluginManager:220 - loadIPPluginJar : add tracer_emb
2025-05-23 14:03:56,737 [INFO] IPUIPlugin:80 - create IPUIPlugin
2025-05-23 14:03:56,737 [INFO] PluginManager:220 - loadIPPluginJar : add ts
2025-05-23 14:03:56,740 [INFO] IPUIPlugin:80 - create IPUIPlugin
2025-05-23 14:03:56,740 [INFO] PluginManager:220 - loadIPPluginJar : add tsc
2025-05-23 14:03:56,743 [INFO] IPUIPlugin:80 - create IPUIPlugin
2025-05-23 14:03:56,743 [INFO] PluginManager:220 - loadIPPluginJar : add ucpd
2025-05-23 14:03:56,747 [INFO] IPUIPlugin:80 - create IPUIPlugin
2025-05-23 14:03:56,747 [INFO] PluginManager:220 - loadIPPluginJar : add usart
2025-05-23 14:03:56,751 [INFO] IPUIPlugin:80 - create IPUIPlugin
2025-05-23 14:03:56,751 [INFO] PluginManager:220 - loadIPPluginJar : add usbx
2025-05-23 14:03:56,927 [FATAL] Updater:351 - Updater called before beeing initialized
2025-05-23 14:03:56,963 [INFO] RulesReader:64 - Compatibility file has been processed (302 Rules)
2025-05-23 14:03:56,979 [INFO] RulesReader:64 - Compatibility file has been processed (302 Rules)
2025-05-23 14:03:56,990 [INFO] CADModel:165 - CPN selected for project level
2025-05-23 14:03:56,990 [INFO] CADModel:114 - Register for checkConnection events
2025-05-23 14:03:56,990 [FATAL] Updater:351 - Updater called before beeing initialized
2025-05-23 14:03:56,990 [ERROR] CADModel:125 - Updater not yet initialized, retry later 
2025-05-23 14:03:57,229 [FATAL] Updater:351 - Updater called before beeing initialized
2025-05-23 14:03:57,232 [INFO] CADModel:165 - CPN selected for project level
2025-05-23 14:03:57,232 [INFO] CADModel:114 - Register for checkConnection events
2025-05-23 14:03:57,232 [FATAL] Updater:351 - Updater called before beeing initialized
2025-05-23 14:03:57,232 [ERROR] CADModel:125 - Updater not yet initialized, retry later 
2025-05-23 14:03:57,237 [FATAL] Updater:351 - Updater called before beeing initialized
2025-05-23 14:03:57,400 [FATAL] Updater:351 - Updater called before beeing initialized
2025-05-23 14:03:57,405 [INFO] DbMcusAds:53 - JSON generation date=Wed May 07 17:07:55 MYT 2025 (1746608875638)
2025-05-23 14:03:57,406 [FATAL] Updater:351 - Updater called before beeing initialized
2025-05-23 14:03:57,460 [WARN] DetailPanel:346 - Failed to get advertising image, set to default
2025-05-23 14:03:57,864 [FATAL] Updater:351 - Updater called before beeing initialized
2025-05-23 14:03:57,868 [FATAL] Updater:351 - Updater called before beeing initialized
2025-05-23 14:03:57,868 [FATAL] Updater:351 - Updater called before beeing initialized
2025-05-23 14:03:57,868 [WARN] DetailPanel:346 - Failed to get advertising image, set to default
2025-05-23 14:03:57,869 [FATAL] Updater:351 - Updater called before beeing initialized
2025-05-23 14:03:57,938 [ERROR] Updater:1198 - MainUpdater not yet initialized. External WinMGr cannot be set.
2025-05-23 14:03:57,941 [INFO] Updater:1134 - Updater Version found : 6.14.1
2025-05-23 14:03:57,967 [INFO] ApplicationProperties:184 - Using Application install path: C:\ST\STM32CubeIDE_1.18.0\STM32CubeIDE\plugins\com.st.stm32cube.common.mx_6.14.1.202504091515
2025-05-23 14:03:58,399 [INFO] MainUpdater:2872 - connection check result : 10
2025-05-23 14:03:58,400 [INFO] MainUpdater:289 - Updater Check For Update Now.
2025-05-23 14:03:58,400 [INFO] MicroXplorer:498 - Change Database Version : DB.6.0.141
2025-05-23 14:03:58,408 [INFO] McuFinderGlobals:63 - Set McuFinder mode to 2 (CubeIDE integrated)
2025-05-23 14:03:58,410 [INFO] UserAuth:484 - Internet connection configuration mode: 1
2025-05-23 14:03:58,441 [INFO] JxBrowserEngine:152 - Initiate JxBrowser Engine with user profile folder
2025-05-23 14:03:58,607 [INFO] CheckServerUpdateThread:120 - End of CheckServer Thread
2025-05-23 14:03:59,369 [WARN] PackLoader:240 - Cannot read IP mode file for STMicroelectronics.FP-SNS-MOTENVWB1.1.4.0
2025-05-23 14:03:59,392 [WARN] PackLoader:240 - Cannot read IP mode file for STMicroelectronics.X-CUBE-SMBUS.2.1.0
2025-05-23 14:03:59,412 [WARN] PackLoader:240 - Cannot read IP mode file for STMicroelectronics.X-CUBE-WB05N.1.1.0
2025-05-23 14:03:59,431 [WARN] PackLoader:240 - Cannot read IP mode file for STMicroelectronics.X-CUBE-ST60.1.0.0
2025-05-23 14:03:59,487 [WARN] PackLoader:240 - Cannot read IP mode file for STMicroelectronics.X-CUBE-AZRTOS-F7.1.1.0
2025-05-23 14:03:59,501 [WARN] PackLoader:240 - Cannot read IP mode file for STMicroelectronics.FP-SNS-FLIGHT1.5.0.2
2025-05-23 14:03:59,544 [WARN] PackLoader:240 - Cannot read IP mode file for Infineon.AIROC-Wi-Fi-Bluetooth-STM32.1.7.0
2025-05-23 14:03:59,564 [WARN] PackLoader:240 - Cannot read IP mode file for STMicroelectronics.X-CUBE-DISPLAY.3.0.0
2025-05-23 14:03:59,582 [WARN] PackLoader:240 - Cannot read IP mode file for STMicroelectronics.X-CUBE-NFC10.1.0.0
2025-05-23 14:03:59,602 [WARN] PackLoader:240 - Cannot read IP mode file for STMicroelectronics.X-CUBE-BLEMGR.4.0.0
2025-05-23 14:03:59,616 [WARN] PackLoader:240 - Cannot read IP mode file for emotas.I-CUBE-CANOPEN.1.3.0
2025-05-23 14:03:59,624 [WARN] ConditionMgr:438 - getConditionDescription Invalid condition id : Cortex-A Device cause : null
2025-05-23 14:03:59,643 [WARN] ConditionMgr:1044 - genDependencies : Invalid condition id : Cortex-A Device cause : null
2025-05-23 14:03:59,643 [WARN] ConditionMgr:1044 - genDependencies : Invalid condition id : Cortex-A Device cause : null
2025-05-23 14:03:59,643 [WARN] ConditionMgr:1044 - genDependencies : Invalid condition id : Cortex-A Device cause : null
2025-05-23 14:03:59,656 [WARN] PackLoader:240 - Cannot read IP mode file for STMicroelectronics.X-CUBE-AI.10.0.0
2025-05-23 14:03:59,664 [WARN] PackLoader:240 - Cannot read IP mode file for STMicroelectronics.FP-SNS-SMARTAG2.1.2.0
2025-05-23 14:03:59,711 [WARN] PackLoader:240 - Cannot read IP mode file for STMicroelectronics.X-CUBE-MEMS1.11.1.0
2025-05-23 14:03:59,878 [INFO] LogOutputStream:77 - [STDOUT_REDIRECT] 1 : Invalid condition id : UX_CORESTACK_Condition cause : null
2025-05-23 14:03:59,879 [INFO] LogOutputStream:77 - [STDOUT_REDIRECT] 1 : Invalid condition id : UX_CORESTACK_Condition cause : null
2025-05-23 14:03:59,881 [INFO] LogOutputStream:77 - [STDOUT_REDIRECT] 1 : Invalid condition id : UX_CORESTACK_Condition cause : null
2025-05-23 14:03:59,884 [INFO] LogOutputStream:77 - [STDOUT_REDIRECT] 1 : Invalid condition id : UX_CORESTACK_Condition cause : null
2025-05-23 14:03:59,886 [INFO] LogOutputStream:77 - [STDOUT_REDIRECT] 1 : Invalid condition id : UX_CORESTACK_Condition cause : null
2025-05-23 14:03:59,899 [WARN] PackLoader:240 - Cannot read IP mode file for STMicroelectronics.X-CUBE-AZRTOS-WL.2.0.0
2025-05-23 14:03:59,909 [WARN] PackLoader:240 - Cannot read IP mode file for STMicroelectronics.FP-SNS-MOTENV1.5.0.0
2025-05-23 14:03:59,923 [WARN] PackLoader:240 - Cannot read IP mode file for WES.I-CUBE-Cesium.1.3.0
2025-05-23 14:03:59,928 [INFO] WebApp:169 - Instantiating new browser for Auth
2025-05-23 14:03:59,932 [WARN] PackLoader:240 - Cannot read IP mode file for STMicroelectronics.X-CUBE-BLE2.3.3.0
2025-05-23 14:03:59,942 [WARN] PackLoader:240 - Cannot read IP mode file for STMicroelectronics.X-CUBE-NFC9.1.0.0
2025-05-23 14:03:59,954 [WARN] PackLoader:240 - Cannot read IP mode file for wolfSSL.I-CUBE-wolfSSL.5.8.0
2025-05-23 14:04:00,097 [WARN] PackLoader:240 - Cannot read IP mode file for wolfSSL.I-CUBE-wolfMQTT.1.19.2
2025-05-23 14:04:00,134 [WARN] PackLoader:240 - Cannot read IP mode file for STMicroelectronics.X-CUBE-AZRTOS-G0.1.1.0
2025-05-23 14:04:00,148 [WARN] PackLoader:240 - Cannot read IP mode file for STMicroelectronics.X-CUBE-SAFEA1.1.2.2
2025-05-23 14:04:00,161 [WARN] PackLoader:240 - Cannot read IP mode file for STMicroelectronics.X-CUBE-NFC4.3.0.0
2025-05-23 14:04:00,175 [WARN] PackLoader:240 - Cannot read IP mode file for EmbeddedOffice.I-CUBE-FS-RTOS.1.0.1
2025-05-23 14:04:00,182 [WARN] PackLoader:240 - Cannot read IP mode file for STMicroelectronics.X-CUBE-WB05N.2.0.0
2025-05-23 14:04:00,189 [WARN] PackLoader:240 - Cannot read IP mode file for wolfSSL.I-CUBE-wolfTPM.3.8.0
2025-05-23 14:04:00,198 [WARN] PackLoader:240 - Cannot read IP mode file for STMicroelectronics.X-CUBE-TCPP.4.2.0
2025-05-23 14:04:00,209 [WARN] PackLoader:240 - Cannot read IP mode file for RealThread.X-CUBE-RT-Thread_Nano.4.1.1
2025-05-23 14:04:00,217 [WARN] PackLoader:240 - Cannot read IP mode file for STMicroelectronics.FP-ATR-SIGFOX1.3.2.0
2025-05-23 14:04:00,230 [WARN] PackLoader:240 - Cannot read IP mode file for STMicroelectronics.X-CUBE-EEPRMA1.5.1.0
2025-05-23 14:04:00,243 [WARN] PackLoader:240 - Cannot read IP mode file for ITTIA_DB.I-CUBE-ITTIADB.8.9.0
2025-05-23 14:04:00,273 [WARN] PackLoader:240 - Cannot read IP mode file for SEGGER.I-CUBE-embOS.1.3.1
2025-05-23 14:04:00,309 [WARN] PackLoader:240 - Cannot read IP mode file for STMicroelectronics.X-CUBE-ALGOBUILD.1.4.0
2025-05-23 14:04:00,445 [WARN] PackLoader:240 - Cannot read IP mode file for STMicroelectronics.X-CUBE-AZRTOS-F4.1.1.0
2025-05-23 14:04:00,452 [WARN] PackLoader:240 - Cannot read IP mode file for Avnet-IotConnect.X-CUBE-IoTC-DA16k-PMOD.1.0.0
2025-05-23 14:04:00,459 [WARN] PackLoader:240 - Cannot read IP mode file for STMicroelectronics.X-CUBE-ISPU.2.1.0
2025-05-23 14:04:00,479 [WARN] PackLoader:240 - Cannot read IP mode file for STMicroelectronics.X-CUBE-AZRTOS-L5.2.0.0
2025-05-23 14:04:00,490 [WARN] PackLoader:240 - Cannot read IP mode file for STMicroelectronics.X-CUBE-NFC6.3.1.0
2025-05-23 14:04:00,498 [WARN] PackLoader:240 - Cannot read IP mode file for STMicroelectronics.X-CUBE-DPower.1.2.0
2025-05-23 14:04:00,507 [WARN] PackLoader:240 - Cannot read IP mode file for STMicroelectronics.X-CUBE-FREERTOS.1.3.1
2025-05-23 14:04:00,512 [WARN] PackLoader:240 - Cannot read IP mode file for STMicroelectronics.X-CUBE-FREERTOS.1.3.0
2025-05-23 14:04:00,521 [WARN] PackLoader:240 - Cannot read IP mode file for STMicroelectronics.X-CUBE-NFC7.1.0.1
2025-05-23 14:04:00,543 [WARN] ConditionMgr:438 - getConditionDescription Invalid condition id : LAN8742 Phy interface Condition cause : null
2025-05-23 14:04:00,544 [WARN] PackLoader:240 - Cannot read IP mode file for STMicroelectronics.X-CUBE-AZRTOS-L4.2.0.0
2025-05-23 14:04:00,545 [WARN] ConditionMgr:1044 - genDependencies : Invalid condition id : LAN8742 Phy interface Condition cause : null
2025-05-23 14:04:00,546 [WARN] ConditionMgr:1044 - genDependencies : Invalid condition id : LAN8742 Phy interface Condition cause : null
2025-05-23 14:04:00,546 [WARN] ConditionMgr:1044 - genDependencies : Invalid condition id : LAN8742 Phy interface Condition cause : null
2025-05-23 14:04:00,555 [WARN] PackLoader:240 - Cannot read IP mode file for STMicroelectronics.X-CUBE-SFXS2LP1.4.0.0
2025-05-23 14:04:00,584 [WARN] PackLoader:240 - Cannot read IP mode file for STMicroelectronics.X-CUBE-AZRTOS-H7.3.3.0
2025-05-23 14:04:00,604 [WARN] ConditionMgr:438 - getConditionDescription Invalid condition id : UX DEVICE CLASS RTOS Condition cause : null
2025-05-23 14:04:00,604 [WARN] ConditionMgr:438 - getConditionDescription Invalid condition id : UX DEVICE CLASS RTOS Condition cause : null
2025-05-23 14:04:00,606 [WARN] PackLoader:240 - Cannot read IP mode file for STMicroelectronics.X-CUBE-AZRTOS-WB.2.0.0
2025-05-23 14:04:00,607 [WARN] ConditionMgr:1044 - genDependencies : Invalid condition id : UX DEVICE CLASS RTOS Condition cause : null
2025-05-23 14:04:00,607 [WARN] ConditionMgr:1044 - genDependencies : Invalid condition id : UX DEVICE CLASS RTOS Condition cause : null
2025-05-23 14:04:00,608 [WARN] ConditionMgr:1044 - genDependencies : Invalid condition id : UX DEVICE CLASS RTOS Condition cause : null
2025-05-23 14:04:00,608 [WARN] ConditionMgr:1044 - genDependencies : Invalid condition id : UX DEVICE CLASS RTOS Condition cause : null
2025-05-23 14:04:00,608 [WARN] ConditionMgr:1044 - genDependencies : Invalid condition id : UX DEVICE CLASS RTOS Condition cause : null
2025-05-23 14:04:00,618 [WARN] PackLoader:240 - Cannot read IP mode file for STMicroelectronics.X-CUBE-GNSS1.7.0.1
2025-05-23 14:04:00,629 [WARN] PackLoader:240 - Cannot read IP mode file for STMicroelectronics.FP-SNS-STBOX1.2.0.0
2025-05-23 14:04:00,647 [WARN] PackLoader:240 - Cannot read IP mode file for STMicroelectronics.X-CUBE-SUBG2.5.0.0
2025-05-23 14:04:00,671 [WARN] PackLoader:240 - Cannot read IP mode file for STMicroelectronics.X-CUBE-AZRTOS-H7RS.1.1.0
2025-05-23 14:04:00,679 [WARN] PackLoader:240 - Cannot read IP mode file for Cesanta.I-CUBE-Mongoose.7.13.0
2025-05-23 14:04:00,694 [WARN] PackLoader:240 - Cannot read IP mode file for STMicroelectronics.X-CUBE-AZRTOS-G4.2.0.0
2025-05-23 14:04:00,701 [WARN] PackLoader:240 - Cannot read IP mode file for wolfSSL.I-CUBE-wolfSSH.1.4.20
2025-05-23 14:04:00,708 [WARN] PackLoader:240 - Cannot read IP mode file for STMicroelectronics.X-CUBE-NFC7.2.0.0
2025-05-23 14:04:00,725 [WARN] PackLoader:240 - Cannot read IP mode file for STMicroelectronics.X-CUBE-IPS.3.1.0
2025-05-23 14:04:00,739 [WARN] PackLoader:240 - Cannot read IP mode file for STMicroelectronics.X-CUBE-ALS.1.0.2
2025-05-23 14:04:00,746 [WARN] PackLoader:240 - Cannot read IP mode file for portGmbH.I-Cube-SoM-uGOAL.1.1.0
2025-05-23 14:04:00,761 [WARN] PackLoader:240 - Cannot read IP mode file for STMicroelectronics.X-CUBE-AZRTOS-H7RS.1.0.0
2025-05-23 14:04:00,787 [WARN] PackLoader:240 - Cannot read IP mode file for STMicroelectronics.X-CUBE-TOF1.3.4.2
2025-05-23 14:04:00,811 [WARN] PackLoader:240 - Cannot read IP mode file for STMicroelectronics.X-CUBE-TOF1.3.4.3
2025-05-23 14:04:00,824 [INFO] ThirdParty:978 - Integrity check success = true
2025-05-23 14:04:00,824 [INFO] IntegrityCheckThread:100 - exiting critical section [integrity check]
2025-05-23 14:04:00,824 [INFO] IntegrityCheckThread:103 - End integrity checks thread
2025-05-23 14:04:01,331 [INFO] WebApp:463 - Apply proxy settings
2025-05-23 14:04:01,331 [INFO] WebApp:548 - Chromium requires no authentication
2025-05-23 14:04:01,343 [INFO] WebApp:491 - Direct internet connection detected
2025-05-23 14:04:01,379 [INFO] WebApp:894 - Register for checkConnection events
2025-05-23 14:04:01,379 [INFO] WebApp:463 - Apply proxy settings
2025-05-23 14:04:01,379 [INFO] WebApp:548 - Chromium requires no authentication
2025-05-23 14:04:01,380 [INFO] WebApp:491 - Direct internet connection detected
2025-05-23 14:04:01,637 [INFO] WebApp:225 - Starting web application
2025-05-23 14:04:01,637 [INFO] WebApp:593 - Web application path used C:\ST\STM32CubeIDE_1.18.0\STM32CubeIDE\plugins\com.st.stm32cube.common.mx_6.14.1.202504091515\db\plugins\mcufinder\reactClient1\index.html
2025-05-23 14:04:01,758 [INFO] UserAuth:484 - Internet connection configuration mode: 1
2025-05-23 14:04:02,289 [INFO] WebApp:191 - Connection restablished
2025-05-23 14:04:52,449 [INFO] WebApp:194 - Connection lost
2025-05-23 14:04:53,331 [INFO] WebApp:191 - Connection restablished
2025-05-23 14:06:17,950 [INFO] WebApp:194 - Connection lost
2025-05-23 14:06:18,715 [INFO] WebApp:191 - Connection restablished
2025-05-23 14:06:57,447 [INFO] WebApp:194 - Connection lost
2025-05-23 14:06:58,224 [INFO] WebApp:191 - Connection restablished
2025-05-23 14:06:59,452 [INFO] WebApp:194 - Connection lost
2025-05-23 14:06:59,775 [INFO] WebApp:191 - Connection restablished
2025-05-23 14:08:59,075 [INFO] WebApp:194 - Connection lost
2025-05-23 14:08:59,860 [INFO] WebApp:191 - Connection restablished
2025-05-23 14:09:19,680 [INFO] McuFinderGlobals:63 - Set McuFinder mode to 2 (CubeIDE integrated)
2025-05-23 14:09:21,546 [INFO] MainUpdater:2872 - connection check result : 10
2025-05-23 14:09:21,547 [INFO] MainUpdater:2872 - connection check result : 10
2025-05-23 14:09:21,607 [INFO] MicroXplorer:468 - Change Database Path : 
2025-05-23 14:09:21,607 [INFO] MicroXplorer:498 - Change Database Version : DB.6.0.141
2025-05-23 14:09:21,617 [WARN] ThirdParty:871 - waiting for thirdparty lock release [close project]
2025-05-23 14:09:21,618 [INFO] ThirdParty:873 - entering critical section [close project]
2025-05-23 14:09:21,620 [INFO] ThirdParty:883 - exiting critical section [close project]
2025-05-23 14:09:21,625 [INFO] PinOutPanel:1589 - setPackage(No Configuration,No Configuration)
2025-05-23 14:09:21,641 [INFO] UtilMem:75 - Begin LoadConfig() Used Memory: 715619968 Bytes (922746880)
2025-05-23 14:09:21,644 [INFO] MicroXplorer:468 - Change Database Path : 
2025-05-23 14:09:21,644 [INFO] MicroXplorer:498 - Change Database Version : DB.6.0.141
2025-05-23 14:09:21,644 [INFO] OpenFileManager:354 - Change cursor
2025-05-23 14:09:21,730 [INFO] Mcu:2011 - Initializing MCU STM32L432K(B-C)Ux STM32L432KCUx STM32L432KCU3
2025-05-23 14:09:23,859 [INFO] Context:756 - Trying to add GPIOservice into a context  which must be forbidden
2025-05-23 14:09:24,577 [INFO] ImportTextPane:218 - (OptionalMessage_ERROR) Pin12 (VP_RIF_VS_RIF1) cannot be retrieved for this MCU
2025-05-23 14:09:24,750 [INFO] RtosManager:558 - Registered RTOS mode: class=CMSIS, group=RTOS, mode=CMSIS_V1, owner=FREERTOS
2025-05-23 14:09:24,750 [INFO] RtosManager:558 - Registered RTOS mode: class=CMSIS, group=RTOS2, mode=CMSIS_V2, owner=FREERTOS
2025-05-23 14:09:24,750 [INFO] RtosManager:558 - Registered RTOS mode: class=RTOS, group=Core, mode=CMSIS_V1, owner=FREERTOS
2025-05-23 14:09:24,750 [INFO] RtosManager:558 - Registered RTOS mode: class=RTOS, group=Core, mode=CMSIS_V2, owner=FREERTOS
2025-05-23 14:09:24,751 [WARN] ModelIntegratedComponent:184 - Missing modes for component STMicroelectronics:FreeRTOS:0.0.1:STMicroelectronics:RTOS:FreeRTOS:Core:::10.2.0:
2025-05-23 14:09:24,806 [WARN] ModelIntegratedComponent:63 - No mode defined for component null
2025-05-23 14:09:24,806 [WARN] ModelIntegratedComponent:63 - No mode defined for component null
2025-05-23 14:09:24,806 [WARN] ModelIntegratedComponent:63 - No mode defined for component null
2025-05-23 14:09:24,806 [WARN] ModelIntegratedComponent:63 - No mode defined for component null
2025-05-23 14:09:24,806 [WARN] ModelIntegratedComponent:63 - No mode defined for component null
2025-05-23 14:09:24,806 [WARN] ModelIntegratedComponent:63 - No mode defined for component null
2025-05-23 14:09:24,808 [WARN] ModelIntegratedComponent:63 - No mode defined for component null
2025-05-23 14:09:24,808 [WARN] ModelIntegratedComponent:63 - No mode defined for component null
2025-05-23 14:09:24,808 [WARN] ModelIntegratedComponent:63 - No mode defined for component null
2025-05-23 14:09:24,808 [WARN] ModelIntegratedComponent:63 - No mode defined for component null
2025-05-23 14:09:24,808 [WARN] ModelIntegratedComponent:63 - No mode defined for component null
2025-05-23 14:09:24,808 [WARN] ModelIntegratedComponent:63 - No mode defined for component null
2025-05-23 14:09:24,808 [WARN] ModelIntegratedComponent:63 - No mode defined for component null
2025-05-23 14:09:24,808 [WARN] ModelIntegratedComponent:63 - No mode defined for component null
2025-05-23 14:09:24,808 [WARN] ModelIntegratedComponent:63 - No mode defined for component null
2025-05-23 14:09:24,808 [WARN] ModelIntegratedComponent:63 - No mode defined for component null
2025-05-23 14:09:24,808 [WARN] ModelIntegratedComponent:63 - No mode defined for component null
2025-05-23 14:09:24,809 [WARN] ModelIntegratedComponent:63 - No mode defined for component null
2025-05-23 14:09:24,809 [WARN] ModelIntegratedComponent:63 - No mode defined for component null
2025-05-23 14:09:24,809 [WARN] ModelIntegratedComponent:63 - No mode defined for component null
2025-05-23 14:09:24,809 [WARN] ModelIntegratedComponent:63 - No mode defined for component null
2025-05-23 14:09:24,809 [WARN] ModelIntegratedComponent:63 - No mode defined for component null
2025-05-23 14:09:24,809 [WARN] ModelIntegratedComponent:63 - No mode defined for component null
2025-05-23 14:09:24,809 [WARN] ModelIntegratedComponent:63 - No mode defined for component null
2025-05-23 14:09:24,809 [WARN] ModelIntegratedComponent:63 - No mode defined for component null
2025-05-23 14:09:24,809 [WARN] ModelIntegratedComponent:63 - No mode defined for component null
2025-05-23 14:09:24,809 [WARN] ModelIntegratedComponent:63 - No mode defined for component null
2025-05-23 14:09:24,809 [WARN] ModelIntegratedComponent:63 - No mode defined for component null
2025-05-23 14:09:24,810 [WARN] ModelIntegratedComponent:63 - No mode defined for component null
2025-05-23 14:09:24,810 [WARN] ModelIntegratedComponent:63 - No mode defined for component null
2025-05-23 14:09:24,810 [WARN] ModelIntegratedComponent:63 - No mode defined for component null
2025-05-23 14:09:24,810 [WARN] ModelIntegratedComponent:63 - No mode defined for component null
2025-05-23 14:09:24,810 [WARN] ModelIntegratedComponent:63 - No mode defined for component null
2025-05-23 14:09:24,810 [WARN] ModelIntegratedComponent:63 - No mode defined for component null
2025-05-23 14:09:24,810 [WARN] ModelIntegratedComponent:63 - No mode defined for component null
2025-05-23 14:09:24,810 [WARN] ModelPack:524 - Component already loaded: STMicroelectronics:HAL Drivers:0.0.0:STMicroelectronics:Device:STMicro_Driver:XSPI:HAL::0.0.1:HAL_XSPI
2025-05-23 14:09:25,008 [INFO] ThirdPartyModel:298 - Start build external matchings
2025-05-23 14:09:25,607 [INFO] ThirdPartyModel:316 - End build external matchings
2025-05-23 14:09:25,645 [INFO] ImportTextPane:218 - (OptionalMessage_ERROR) IP (ADC1) : Parameter (CommonPathInternal) has invalid value (null|null|null|null)
2025-05-23 14:09:25,645 [INFO] ImportTextPane:218 - (OptionalMessage_ERROR) IP (DMA) : Parameter (Instance) has Id (ADC1) currently not set
2025-05-23 14:09:25,645 [INFO] ImportTextPane:218 - (OptionalMessage_ERROR) IP (DMA) : Parameter (Request) has Id (ADC1) currently not set
2025-05-23 14:09:25,645 [INFO] ImportTextPane:218 - (OptionalMessage_ERROR) IP (DMA) : Parameter (Direction) has Id (ADC1) currently not set
2025-05-23 14:09:25,645 [INFO] ImportTextPane:218 - (OptionalMessage_ERROR) IP (DMA) : Parameter (PeriphInc) has Id (ADC1) currently not set
2025-05-23 14:09:25,645 [INFO] ImportTextPane:218 - (OptionalMessage_ERROR) IP (DMA) : Parameter (MemInc) has Id (ADC1) currently not set
2025-05-23 14:09:25,646 [INFO] ImportTextPane:218 - (OptionalMessage_ERROR) IP (DMA) : Parameter (PeriphDataAlignment) has Id (ADC1) currently not set
2025-05-23 14:09:25,647 [INFO] ImportTextPane:218 - (OptionalMessage_ERROR) IP (DMA) : Parameter (MemDataAlignment) has Id (ADC1) currently not set
2025-05-23 14:09:25,647 [INFO] ImportTextPane:218 - (OptionalMessage_ERROR) IP (DMA) : Parameter (Mode) has Id (ADC1) currently not set
2025-05-23 14:09:25,647 [INFO] ImportTextPane:218 - (OptionalMessage_ERROR) IP (DMA) : Parameter (Priority) has Id (ADC1) currently not set
2025-05-23 14:09:26,175 [INFO] ApiDb:581 - Connected to CubeFinder SQLite database (C:\Users\yttey\.stmcufinder\plugins\mcufinder\mcu\cube-finder-db.db)
2025-05-23 14:09:26,345 [INFO] ApiDb:668 - CubeFinder database Data Model version=2.1
2025-05-23 14:09:26,345 [INFO] ApiDb:669 - CubeFinder database Configuration version=3.0.39
2025-05-23 14:09:26,345 [INFO] ApiDb:670 - CubeFinder database generation date=2025-04-23 (1745419778)
2025-05-23 14:09:26,346 [INFO] ApiDb:671 - CubeFinder database FW Pack versions=[FP-ATR-ASTRA1_V2.0.0, FP-SNS-FLIGHT1_V5.1.0, FP-SNS-MOTENV1_V5.0.0, FP-SNS-MOTENVWB1_V1.4.0, FP-SNS-SMARTAG2_V1.2.0, FP-SNS-STBOX1_V2.0.0, STM32Cube_FW_C0_V1.4.0, STM32Cube_FW_F4_V1.28.1, STM32Cube_FW_F7_V1.17.2, STM32Cube_FW_G0_V1.6.2, STM32Cube_FW_G4_V1.6.1, STM32Cube_FW_H5_V1.5.0, STM32Cube_FW_H7RS_V1.2.0, STM32Cube_FW_H7_V1.12.1, STM32Cube_FW_L0_V1.12.2, STM32Cube_FW_L4_V1.18.1, STM32Cube_FW_L5_V1.5.1, STM32Cube_FW_N6_V1.1.1, STM32Cube_FW_U0_V1.2.0, STM32Cube_FW_U3_V1.1.0, STM32Cube_FW_U5_V1.7.0, STM32Cube_FW_WB0_V1.2.0, STM32Cube_FW_WBA_V1.6.0, STM32Cube_FW_WB_V1.22.0, STM32Cube_FW_WL3_V1.1.0, STM32Cube_FW_WL_V1.3.1, X-CUBE-ALGOBUILD_V1.4.0, X-CUBE-ALS_V1.0.2, X-CUBE-AZRTOS-F4_V1.1.0, X-CUBE-AZRTOS-F7_V1.1.0, X-CUBE-AZRTOS-G0_V1.1.0, X-CUBE-AZRTOS-G4_V2.0.0, X-CUBE-AZRTOS-H7RS_V1.1.0, X-CUBE-AZRTOS-H7_V3.3.0, X-CUBE-AZRTOS-L4_V2.0.0, X-CUBE-AZRTOS-L5_V2.0.0, X-CUBE-AZRTOS-WB_V2.0.0, X-CUBE-AZRTOS-WL_V2.0.0, X-CUBE-BLE1_V7.1.0, X-CUBE-BLE2_V3.3.0, X-CUBE-BLEMGR_V4.0.0, X-CUBE-EEPRMA1_V5.1.0, X-CUBE-FREERTOS_V1.3.0, X-CUBE-GNSS1_V6.0.0, X-CUBE-MEMS1_V11.2.0, X-CUBE-NFC4_V3.0.0, X-CUBE-NFC7_V1.0.1, X-CUBE-SFXS2LP1_V4.0.0, X-CUBE-SUBG2_V5.0.0, X-CUBE-TOF1_V3.4.3]
2025-05-23 14:09:26,543 [INFO] DbBoardsSqlite:226 - include board P-NUCLEO-WB55-NUCLEO as a kit item of type 'Nucleo-64'
2025-05-23 14:09:26,544 [INFO] DbBoardsSqlite:226 - include board P-NUCLEO-WB55-USBDONGLE as a kit item of type 'Nucleo USB Dongle'
2025-05-23 14:09:26,546 [INFO] DbBoardsSqlite:226 - include board STEVAL-IDP005V1 as a kit item of type 'Evaluation Board'
2025-05-23 14:09:26,547 [INFO] DbBoardsSqlite:226 - include board STEVAL-IDP005V2 as a kit item of type 'Evaluation Board'
2025-05-23 14:09:27,238 [INFO] ApiDb:240 - Found 895 in-development CPN: [B-G473E-ZEST1S, B-WB1M-WPAN1, B-WBA5M-WPAN, B-WL5M-SUBG1, NUCLEO-C031C6, NUCLEO-C051C8, NUCLEO-C071RB, NUCLEO-C092RC, NUCLEO-H503RB, NUCLEO-H533RE, NUCLEO-H563ZI, NUCLEO-H7S3L8, NUCLEO-N657X0-Q, NUCLEO-U031R8, NUCLEO-U083RC, NUCLEO-U385RG-Q, NUCLEO-U545RE-Q, NUCLEO-U5A5ZJ-Q, NUCLEO-WB05KZ, NUCLEO-WB07CC, NUCLEO-WB09KE, NUCLEO-WBA52CG, NUCLEO-WBA55CG, NUCLEO-WBA65RI, NUCLEO-WL33CC1, NUCLEO-WL33CC2, STEVAL-PROTEUS1, STEVAL-SMARTAG2, STEVAL-STWINBX1, STM320518-EVAL, STM32C0116-DK, STM32C011D6Y3TR, STM32C011D6Y6TR, STM32C011F4P3, STM32C011F4P6, STM32C011F4U3, STM32C011F4U6TR, STM32C011F6P3, STM32C011F6P6, STM32C011F6U3, STM32C011F6U6TR, STM32C011J4M3, STM32C011J4M6, STM32C011J6M3, STM32C011J6M6, STM32C0316-DK, STM32C031C4T3, STM32C031C4T6, STM32C031C4U3, STM32C031C4U6, STM32C031C6T3, STM32C031C6T6, STM32C031C6U3, STM32C031C6U6, STM32C031F4P3, STM32C031F4P6, STM32C031F6P3, STM32C031F6P6, STM32C031G4U3, STM32C031G4U6, STM32C031G6U3, STM32C031G6U6, STM32C031K4T3, STM32C031K4T6, STM32C031K4U3, STM32C031K4U6, STM32C031K6T3, STM32C031K6T6, STM32C031K6U3, STM32C031K6U6, STM32C051C6T6, STM32C051C6U6, STM32C051C8T6, STM32C051C8U6, STM32C051D8Y6TR, STM32C051F6P6, STM32C051F8P6, STM32C051G6U6, STM32C051G8U6, STM32C051K6T6, STM32C051K6U6, STM32C051K8T6, STM32C071C8T6, STM32C071C8T6N, STM32C071C8U6, STM32C071C8U6N, STM32C071CBT6, STM32C071CBT6N, STM32C071CBU6, STM32C071CBU6N, STM32C071F8P6, STM32C071F8P6N, STM32C071FBP6, STM32C071FBP6N, STM32C071FBY6TR, STM32C071G8U6, STM32C071G8U6N, STM32C071GBU6, STM32C071GBU6N, STM32C071K8T6, STM32C071K8T6N, STM32C071K8U6, STM32C071K8U6N, STM32C071KBT6, STM32C071KBT6N, STM32C071KBU6, STM32C071KBU6N, STM32C071R8T6, STM32C071R8T6N, STM32C071RBI6N, STM32C071RBT6, STM32C071RBT6N, STM32C091CBT6, STM32C091CBU6, STM32C091CCT6, STM32C091CCU6, STM32C091ECY6TR, STM32C091FBP6, STM32C091FCP6, STM32C091GBU6, STM32C091GCU6, STM32C091KBT6, STM32C091KBU6, STM32C091KCT6, STM32C091KCU6, STM32C091RBT6, STM32C091RCI6, STM32C091RCT6, STM32C092CBT6, STM32C092CBU6, STM32C092CCT6, STM32C092CCU6, STM32C092ECY6TR, STM32C092FBP6, STM32C092FCP6, STM32C092GBU6, STM32C092GCU6, STM32C092KBT6, STM32C092KBU6, STM32C092KCT6, STM32C092KCU6, STM32C092RBT6, STM32C092RCI6, STM32C092RCT6, STM32G071K8TXN, STM32G071K8UXN, STM32G081GBU6N, STM32G081KBT6N, STM32G081KBUXN, STM32G0B1CCT6N, STM32G0B1KCT6, STM32G0B1NEY6TR, STM32G0B1RCT6N, STM32G0C1CCT6, STM32G0C1CCT6N, STM32G0C1CCU6N, STM32G0C1CET6N, STM32G0C1CEU6N, STM32G0C1KCT6, STM32G0C1NEY6TR, STM32G0C1RCI6N, STM32G0C1RCT6N, STM32G0C1REI6N, STM32G0C1RET6N, STM32G0C1VCI6, STM32G0C1VEI6, STM32G411C6T3, STM32G411C6T6, STM32G411C6U3, STM32G411C6U6, STM32G411C8T3, STM32G411C8T6, STM32G411C8U3, STM32G411C8U6, STM32G411CBT3, STM32G411CBT6, STM32G411CBU3, STM32G411CBU6, STM32G411CCT3, STM32G411CCT6, STM32G411CCU3, STM32G411CCU6, STM32G411K6T3, STM32G411K6T6, STM32G411K6U3, STM32G411K6U6, STM32G411K8T3, STM32G411K8T6, STM32G411K8U3, STM32G411K8U6, STM32G411KBT3, STM32G411KBT6, STM32G411KBU3, STM32G411KBU6, STM32G411M6T3, STM32G411M6T6, STM32G411M8T3, STM32G411M8T6, STM32G411MBT3, STM32G411MBT6, STM32G411MCT3, STM32G411MCT6, STM32G411R6T3, STM32G411R6T6, STM32G411R8T3, STM32G411R8T6, STM32G411RBT3, STM32G411RBT6, STM32G411RCT3, STM32G411RCT6, STM32G414CBT3, STM32G414CBT6, STM32G414CBU3, STM32G414CBU6, STM32G414CCT3, STM32G414CCT6, STM32G414CCU3, STM32G414CCU6, STM32G414MBT3, STM32G414MBT6, STM32G414MCT3, STM32G414MCT6, STM32G414RBT3, STM32G414RBT6, STM32G414RCT3, STM32G414RCT6, STM32G414VBT3, STM32G414VBT6, STM32G414VCT3, STM32G414VCT6, STM32G431CBT3Z, STM32G431RBT3Z, STM32G471CCT6, STM32G471CCU6, STM32G471CET3, STM32G471CET6, STM32G471CEU3, STM32G471CEU6, STM32G471MCT6, STM32G471MET3, STM32G471MET6, STM32G471MEY6TR, STM32G471QCT6, STM32G471QET3, STM32G471RCT6, STM32G471RET3, STM32G471RET6, STM32G471VCH6, STM32G471VCI6, STM32G471VCT6, STM32G471VEH3, STM32G471VEH6, STM32G471VEI3, STM32G471VEI6, STM32G471VET3, STM32G471VET6, STM32G473QET3Z, STM32G473RET3Z, STM32G474CCT6, STM32G491RET3Z, STM32H503CBT6, STM32H503CBU6, STM32H503EBY6TR, STM32H503KBU6, STM32H503RBT6, STM32H523CCT6, STM32H523CCU6, STM32H523CET6, STM32H523CEU6, STM32H523HEY6TR, STM32H523RCT6, STM32H523RET6, STM32H523VCI6, STM32H523VCT6, STM32H523VEI6, STM32H523VET6, STM32H523ZCJ6, STM32H523ZCT6, STM32H523ZEJ6, STM32H523ZET6, STM32H533CET6, STM32H533CEU6, STM32H533HEY6TR, STM32H533RET6, STM32H533VEI6, STM32H533VET6, STM32H533ZEJ6, STM32H533ZET6, STM32H562AGI6, STM32H562AII6, STM32H562IGK6, STM32H562IGT6, STM32H562IIK6, STM32H562IIT6, STM32H562RGT6, STM32H562RGV6, STM32H562RIT6, STM32H562RIV6, STM32H562VGT6, STM32H562VIT6, STM32H562ZGT6, STM32H562ZIT6, STM32H563AGI6, STM32H563AII3Q, STM32H563AII6, STM32H563IGK6, STM32H563IGT6, STM32H563IIK3Q, STM32H563IIK6, STM32H563IIT3Q, STM32H563IIT6, STM32H563MIY3QTR, STM32H563RGT6, STM32H563RGV6, STM32H563RIT6, STM32H563RIV6, STM32H563VGT6, STM32H563VIT3Q, STM32H563VIT6, STM32H563ZGT6, STM32H563ZIT3Q, STM32H563ZIT6, STM32H573AII3Q, STM32H573AII6, STM32H573I-DK, STM32H573IIK3Q, STM32H573IIK6, STM32H573IIT3Q, STM32H573IIT6, STM32H573MIY3QTR, STM32H573RIT6, STM32H573RIV6, STM32H573VIT3Q, STM32H573VIT6, STM32H573ZIT3Q, STM32H573ZIT6, STM32H7R3A8I6, STM32H7R3I8K6, STM32H7R3I8T6, STM32H7R3L8H6, STM32H7R3L8H6H, STM32H7R3R8V6, STM32H7R3V8H6, STM32H7R3V8T6, STM32H7R3V8Y6TR, STM32H7R3Z8J6, STM32H7R3Z8T6, STM32H7R7A8I6, STM32H7R7I8K6, STM32H7R7I8T6, STM32H7R7L8H6, STM32H7R7L8H6H, STM32H7R7Z8J6, STM32H7S3A8I6, STM32H7S3I8K6, STM32H7S3I8T6, STM32H7S3L8H6, STM32H7S3L8H6H, STM32H7S3R8V6, STM32H7S3V8H6, STM32H7S3V8T6, STM32H7S3V8Y6TR, STM32H7S3Z8J6, STM32H7S3Z8T6, STM32H7S78-DK, STM32H7S7A8I6, STM32H7S7I8K6, STM32H7S7I8T6, STM32H7S7L8H6, STM32H7S7L8H6H, STM32H7S7Z8J6, STM32L4R5QGI6STR, STM32MP131AAE3, STM32MP131AAF3, STM32MP131AAG3, STM32MP131CAE3, STM32MP131CAF3, STM32MP131CAG3, STM32MP131DAE7, STM32MP131DAF7, STM32MP131DAG7, STM32MP131FAE7, STM32MP131FAF7, STM32MP131FAG7, STM32MP133AAE3, STM32MP133AAF3, STM32MP133AAG3, STM32MP133CAE3, STM32MP133CAF3, STM32MP133CAG3, STM32MP133DAE7, STM32MP133DAF7, STM32MP133DAG7, STM32MP133FAE7, STM32MP133FAF7, STM32MP133FAG7, STM32MP135AAE3, STM32MP135AAF3, STM32MP135AAG3, STM32MP135CAE3, STM32MP135CAF3, STM32MP135CAG3, STM32MP135DAE7, STM32MP135DAF7, STM32MP135DAG7, STM32MP135F-DK, STM32MP135FAE7, STM32MP135FAF7, STM32MP135FAF7T, STM32MP135FAF7U, STM32MP135FAG7, STM32MP231AAJ3, STM32MP231AAK3, STM32MP231AAL3, STM32MP231CAJ3, STM32MP231CAK3, STM32MP231CAL3, STM32MP231DAJ3, STM32MP231DAK3, STM32MP231DAL3, STM32MP231FAJ3, STM32MP231FAK3, STM32MP231FAL3, STM32MP233AAJ3, STM32MP233AAK3, STM32MP233AAL3, STM32MP233CAJ3, STM32MP233CAK3, STM32MP233CAL3, STM32MP233DAJ3, STM32MP233DAK3, STM32MP233DAL3, STM32MP233FAJ3, STM32MP233FAK3, STM32MP233FAL3, STM32MP235AAJ3, STM32MP235AAK3, STM32MP235AAL3, STM32MP235CAJ3, STM32MP235CAK3, STM32MP235CAL3, STM32MP235DAJ3, STM32MP235DAK3, STM32MP235DAL3, STM32MP235FAJ3, STM32MP235FAK3, STM32MP235FAL3, STM32MP251AAI3, STM32MP251AAJ3, STM32MP251AAK3, STM32MP251AAL3, STM32MP251CAI3, STM32MP251CAJ3, STM32MP251CAK3, STM32MP251CAL3, STM32MP251DAI3, STM32MP251DAJ3, STM32MP251DAK3, STM32MP251DAL3, STM32MP251FAI3, STM32MP251FAJ3, STM32MP251FAK3, STM32MP251FAL3, STM32MP253AAI3, STM32MP253AAJ3, STM32MP253AAK3, STM32MP253AAL3, STM32MP253CAI3, STM32MP253CAJ3, STM32MP253CAK3, STM32MP253CAL3, STM32MP253DAI3, STM32MP253DAJ3, STM32MP253DAK3, STM32MP253DAL3, STM32MP253FAI3, STM32MP253FAJ3, STM32MP253FAK3, STM32MP253FAL3, STM32MP255AAI3, STM32MP255AAJ3, STM32MP255AAK3, STM32MP255AAL3, STM32MP255CAI3, STM32MP255CAJ3, STM32MP255CAK3, STM32MP255CAL3, STM32MP255DAI3, STM32MP255DAJ3, STM32MP255DAK3, STM32MP255DAL3, STM32MP255FAI3, STM32MP255FAJ3, STM32MP255FAK3, STM32MP255FAL3, STM32MP257AAI3, STM32MP257AAJ3, STM32MP257AAK3, STM32MP257AAL3, STM32MP257CAI3, STM32MP257CAJ3, STM32MP257CAK3, STM32MP257CAL3, STM32MP257DAI3, STM32MP257DAJ3, STM32MP257DAK3, STM32MP257DAL3, STM32MP257F-DK, STM32MP257F-EV1, STM32MP257FAI3, STM32MP257FAJ3, STM32MP257FAK3, STM32MP257FAL3, STM32N645A0H3Q, STM32N645B0H3Q, STM32N645I0H3Q, STM32N645L0H3Q, STM32N645X0H3Q, STM32N645Z0H3Q, STM32N647A0H3Q, STM32N647B0H3Q, STM32N647I0H3Q, STM32N647L0H3Q, STM32N647X0H3Q, STM32N647Z0H3Q, STM32N655A0H3Q, STM32N655B0H3Q, STM32N655I0H3Q, STM32N655L0H3Q, STM32N655X0H3Q, STM32N655Z0H3Q, STM32N6570-DK, STM32N657A0H3Q, STM32N657B0H3Q, STM32N657I0H3Q, STM32N657L0H3Q, STM32N657X0H3Q, STM32N657Z0H3Q, STM32U031C6T6, STM32U031C6U6, STM32U031C8T6, STM32U031C8U6, STM32U031F4P6, STM32U031F6P6, STM32U031F8P6, STM32U031G6Y6TR, STM32U031G8Y6TR, STM32U031K4U6, STM32U031K6U6, STM32U031K8U6, STM32U031R6I6, STM32U031R6T6, STM32U031R8I6, STM32U031R8T6, STM32U073C8T6, STM32U073C8U6, STM32U073CBT6, STM32U073CBU6, STM32U073CCT6, STM32U073CCU6, STM32U073H8Y6TR, STM32U073HBY6TR, STM32U073HCY6TR, STM32U073K8U6, STM32U073KBU6, STM32U073KCU6, STM32U073M8I6, STM32U073M8T6, STM32U073MBI6, STM32U073MBT6, STM32U073MCI6, STM32U073MCT6, STM32U073R8I6, STM32U073R8T6, STM32U073RBI6, STM32U073RBT6, STM32U073RCI6, STM32U073RCT6, STM32U083C-DK, STM32U083CCT6, STM32U083CCU6, STM32U083HCY6TR, STM32U083KCU6, STM32U083MCI6, STM32U083MCT6, STM32U083RCI6, STM32U083RCT6, STM32U375CET6, STM32U375CET6Q, STM32U375CEU6, STM32U375CEU6Q, STM32U375CEY6QTR, STM32U375CGT6, STM32U375CGT6Q, STM32U375CGU6, STM32U375CGU6Q, STM32U375CGY6QTR, STM32U375KEU6, STM32U375KGU6, STM32U375REI6, STM32U375REI6Q, STM32U375RET6, STM32U375RET6Q, STM32U375REY6GTR, STM32U375REY6QTR, STM32U375RGI6, STM32U375RGI6Q, STM32U375RGT6, STM32U375RGT6Q, STM32U375RGY6GTR, STM32U375RGY6QTR, STM32U375VEI6, STM32U375VEI6Q, STM32U375VET6, STM32U375VET6Q, STM32U375VGI6, STM32U375VGI6Q, STM32U375VGT6, STM32U375VGT6Q, STM32U385CGT6, STM32U385CGT6Q, STM32U385CGU6, STM32U385CGU6Q, STM32U385CGY6QTR, STM32U385KGU6, STM32U385RGI6, STM32U385RGI6Q, STM32U385RGT6, STM32U385RGT6Q, STM32U385RGY6GTR, STM32U385RGY6QTR, STM32U385VGI6, STM32U385VGI6Q, STM32U385VGT6, STM32U385VGT6Q, STM32U535CBT6, STM32U535CBT6Q, STM32U535CBU6, STM32U535CBU6Q, STM32U535CCT6, STM32U535CCT6Q, STM32U535CCU6, STM32U535CCU6Q, STM32U535CET6, STM32U535CET6Q, STM32U535CEU6, STM32U535CEU6Q, STM32U535JEY6QTR, STM32U535NCY6QTR, STM32U535NEY6QTR, STM32U535RBI6, STM32U535RBI6Q, STM32U535RBT6, STM32U535RBT6Q, STM32U535RCI6, STM32U535RCI6Q, STM32U535RCT6, STM32U535RCT6Q, STM32U535REI6, STM32U535REI6Q, STM32U535RET6, STM32U535RET6Q, STM32U535VCI6, STM32U535VCI6Q, STM32U535VCT6, STM32U535VCT6Q, STM32U535VEI6, STM32U535VEI6Q, STM32U535VET6, STM32U535VET6Q, STM32U545CET6, STM32U545CET6Q, STM32U545CEU6, STM32U545CEU6Q, STM32U545JEY6QTR, STM32U545NEY6QTR, STM32U545REI6, STM32U545REI6Q, STM32U545RET6, STM32U545RET6Q, STM32U545VEI6, STM32U545VEI6Q, STM32U545VET6, STM32U545VET6Q, STM32U595AIH6, STM32U595AIH6Q, STM32U595AJH6, STM32U595AJH6Q, STM32U595QII6, STM32U595QII6Q, STM32U595QJI6, STM32U595QJI6Q, STM32U595RIT6, STM32U595RIT6Q, STM32U595RJT6, STM32U595RJT6Q, STM32U595VIT6, STM32U595VIT6Q, STM32U595VJT6, STM32U595VJT6Q, STM32U595ZIT6, STM32U595ZIT6Q, STM32U595ZIY6QTR, STM32U595ZJT6, STM32U595ZJT6Q, STM32U595ZJY6QTR, STM32U599BJY6QTR, STM32U599NIH6Q, STM32U599NJH6Q, STM32U599VIT6Q, STM32U599VJT6, STM32U599VJT6Q, STM32U599ZIT6Q, STM32U599ZIY6QTR, STM32U599ZJT6Q, STM32U599ZJY6QTR, STM32U5A5AJH6, STM32U5A5AJH6Q, STM32U5A5QII3Q , STM32U5A5QJI6, STM32U5A5QJI6Q, STM32U5A5RJT6, STM32U5A5RJT6Q, STM32U5A5VJT6, STM32U5A5VJT6Q, STM32U5A5ZJT6, STM32U5A5ZJT6Q, STM32U5A5ZJY6QTR, STM32U5A9BJY6QTR, STM32U5A9J-DK, STM32U5A9NJH6Q, STM32U5A9VJT6Q, STM32U5A9ZJT6Q, STM32U5A9ZJY6QTR, STM32U5F7VIT6, STM32U5F7VIT6Q, STM32U5F7VJT6, STM32U5F7VJT6Q, STM32U5F9BJY6QTR, STM32U5F9NJH6Q, STM32U5F9VIT6Q, STM32U5F9VJT6Q, STM32U5F9ZIJ6QTR, STM32U5F9ZIT6Q, STM32U5F9ZJJ6QTR, STM32U5F9ZJT6Q, STM32U5G7VJT6, STM32U5G7VJT6Q, STM32U5G9BJY6QTR, STM32U5G9J-DK1, STM32U5G9J-DK2, STM32U5G9NJH6Q, STM32U5G9VJT6Q, STM32U5G9ZJJ6QTR, STM32U5G9ZJT6Q, STM32WB05KZV6TR, STM32WB05KZV7TR, STM32WB05TZF6TR, STM32WB05TZF7TR, STM32WB06CCF6TR, STM32WB06CCF7TR, STM32WB06CCV6TR, STM32WB06CCV7TR, STM32WB06KCV6TR, STM32WB06KCV7TR, STM32WB07CCF6TR, STM32WB07CCF7TR, STM32WB07CCV6TR, STM32WB07CCV7TR, STM32WB07KCV6TR, STM32WB07KCV7TR, STM32WB09KEV6TR, STM32WB09KEV7TR, STM32WB09TEF6TR, STM32WB09TEF7TR, STM32WB1MMCH6, STM32WBA50KGU6, STM32WBA50KGU6TR, STM32WBA52CEU6, STM32WBA52CEU6TR, STM32WBA52CEU7, STM32WBA52CEU7TR, STM32WBA52CGU6, STM32WBA52CGU6TR, STM32WBA52CGU6U, STM32WBA52CGU7, STM32WBA52CGU7TR, STM32WBA52KEU6, STM32WBA52KEU6TR, STM32WBA52KGU6, STM32WBA52KGU6TR, STM32WBA54CEU6, STM32WBA54CEU6TR, STM32WBA54CEU7, STM32WBA54CEU7TR, STM32WBA54CGU6, STM32WBA54CGU6TR, STM32WBA54CGU7, STM32WBA54CGU7TR, STM32WBA54KEU6, STM32WBA54KEU6TR, STM32WBA54KEU7, STM32WBA54KEU7TR, STM32WBA54KGU6, STM32WBA54KGU6TR, STM32WBA54KGU7, STM32WBA54KGU7TR, STM32WBA55CEU6, STM32WBA55CEU6TR, STM32WBA55CEU7, STM32WBA55CEU7TR, STM32WBA55CGU6, STM32WBA55CGU6TR, STM32WBA55CGU6U, STM32WBA55CGU7, STM32WBA55CGU7TR, STM32WBA55G-DK1, STM32WBA55HEF6, STM32WBA55HEF7, STM32WBA55HGF6, STM32WBA55HGF7, STM32WBA55UEI6, STM32WBA55UEI6TR, STM32WBA55UEI7, STM32WBA55UEI7TR, STM32WBA55UGI6, STM32WBA55UGI6TR, STM32WBA55UGI7, STM32WBA55UGI7TR, STM32WBA5MJGH6TR, STM32WBA62CGU6, STM32WBA62CIU6, STM32WBA62MGF6, STM32WBA62MIF6, STM32WBA62PGI6, STM32WBA62PII6, STM32WBA63CGU6, STM32WBA63CGU7, STM32WBA63CIU6, STM32WBA63CIU7, STM32WBA64CGU6, STM32WBA64CGU7, STM32WBA64CIU6, STM32WBA64CIU7, STM32WBA65CGU6, STM32WBA65CGU7, STM32WBA65CIU6, STM32WBA65CIU7, STM32WBA65I-DK1, STM32WBA65MGF6, STM32WBA65MGF7, STM32WBA65MIF6, STM32WBA65MIF7, STM32WBA65PGI6, STM32WBA65PGI7, STM32WBA65PII6, STM32WBA65PII7, STM32WBA65RGV6, STM32WBA65RGV7, STM32WBA65RIV6, STM32WBA65RIV7, STM32WL30K8V6, STM32WL30KBV6, STM32WL31C8V6, STM32WL31CBV6, STM32WL31K8V6, STM32WL31KBV6, STM32WL33C8V6, STM32WL33C8V6TR, STM32WL33C8V7, STM32WL33C8V7TR, STM32WL33CBV6, STM32WL33CBV6TR, STM32WL33CBV7, STM32WL33CBV7TR, STM32WL33CCV6, STM32WL33CCV6TR, STM32WL33CCV7, STM32WL33CCV7A, STM32WL33CCV7ATR, STM32WL33CCV7TR, STM32WL33K8V6, STM32WL33K8V6TR, STM32WL33K8V7, STM32WL33K8V7TR, STM32WL33KBV6, STM32WL33KBV6TR, STM32WL33KBV7, STM32WL33KBV7TR, STM32WL33KCV6, STM32WL33KCV6TR, STM32WL33KCV7, STM32WL33KCV7TR, STM32WL5MOCH6, STM32WL5MOCH6TR]
2025-05-23 14:09:27,722 [INFO] BoardInfo:889 - No configuration file found for board P-NUCLEO-WB55
2025-05-23 14:09:27,725 [INFO] DbBoards:161 - Kit is not supported: P-NUCLEO-WB55
2025-05-23 14:09:27,740 [INFO] BoardInfo:889 - No configuration file found for board STEVAL-BFA001V1B
2025-05-23 14:09:27,743 [INFO] DbBoards:161 - Kit is not supported: STEVAL-BFA001V1B
2025-05-23 14:09:27,745 [INFO] BoardInfo:889 - No configuration file found for board STEVAL-BFA001V2B
2025-05-23 14:09:27,748 [INFO] DbBoards:161 - Kit is not supported: STEVAL-BFA001V2B
2025-05-23 14:09:28,234 [INFO] DbBoards:168 - Found 211 boards, 208 are supported
2025-05-23 14:09:28,234 [INFO] DbBoards:169 - Found 211 boards, 43 of them is supported for  Bsp
2025-05-23 14:09:28,241 [INFO] ApiDb:668 - CubeFinder database Data Model version=2.1
2025-05-23 14:09:28,241 [INFO] ApiDb:669 - CubeFinder database Configuration version=3.0.39
2025-05-23 14:09:28,241 [INFO] ApiDb:670 - CubeFinder database generation date=2025-04-23 (1745419778)
2025-05-23 14:09:28,241 [INFO] ApiDb:671 - CubeFinder database FW Pack versions=[FP-ATR-ASTRA1_V2.0.0, FP-SNS-FLIGHT1_V5.1.0, FP-SNS-MOTENV1_V5.0.0, FP-SNS-MOTENVWB1_V1.4.0, FP-SNS-SMARTAG2_V1.2.0, FP-SNS-STBOX1_V2.0.0, STM32Cube_FW_C0_V1.4.0, STM32Cube_FW_F4_V1.28.1, STM32Cube_FW_F7_V1.17.2, STM32Cube_FW_G0_V1.6.2, STM32Cube_FW_G4_V1.6.1, STM32Cube_FW_H5_V1.5.0, STM32Cube_FW_H7RS_V1.2.0, STM32Cube_FW_H7_V1.12.1, STM32Cube_FW_L0_V1.12.2, STM32Cube_FW_L4_V1.18.1, STM32Cube_FW_L5_V1.5.1, STM32Cube_FW_N6_V1.1.1, STM32Cube_FW_U0_V1.2.0, STM32Cube_FW_U3_V1.1.0, STM32Cube_FW_U5_V1.7.0, STM32Cube_FW_WB0_V1.2.0, STM32Cube_FW_WBA_V1.6.0, STM32Cube_FW_WB_V1.22.0, STM32Cube_FW_WL3_V1.1.0, STM32Cube_FW_WL_V1.3.1, X-CUBE-ALGOBUILD_V1.4.0, X-CUBE-ALS_V1.0.2, X-CUBE-AZRTOS-F4_V1.1.0, X-CUBE-AZRTOS-F7_V1.1.0, X-CUBE-AZRTOS-G0_V1.1.0, X-CUBE-AZRTOS-G4_V2.0.0, X-CUBE-AZRTOS-H7RS_V1.1.0, X-CUBE-AZRTOS-H7_V3.3.0, X-CUBE-AZRTOS-L4_V2.0.0, X-CUBE-AZRTOS-L5_V2.0.0, X-CUBE-AZRTOS-WB_V2.0.0, X-CUBE-AZRTOS-WL_V2.0.0, X-CUBE-BLE1_V7.1.0, X-CUBE-BLE2_V3.3.0, X-CUBE-BLEMGR_V4.0.0, X-CUBE-EEPRMA1_V5.1.0, X-CUBE-FREERTOS_V1.3.0, X-CUBE-GNSS1_V6.0.0, X-CUBE-MEMS1_V11.2.0, X-CUBE-NFC4_V3.0.0, X-CUBE-NFC7_V1.0.1, X-CUBE-SFXS2LP1_V4.0.0, X-CUBE-SUBG2_V5.0.0, X-CUBE-TOF1_V3.4.3]
2025-05-23 14:09:32,480 [INFO] ApiDb:240 - Found 895 in-development CPN: [B-G473E-ZEST1S, B-WB1M-WPAN1, B-WBA5M-WPAN, B-WL5M-SUBG1, NUCLEO-C031C6, NUCLEO-C051C8, NUCLEO-C071RB, NUCLEO-C092RC, NUCLEO-H503RB, NUCLEO-H533RE, NUCLEO-H563ZI, NUCLEO-H7S3L8, NUCLEO-N657X0-Q, NUCLEO-U031R8, NUCLEO-U083RC, NUCLEO-U385RG-Q, NUCLEO-U545RE-Q, NUCLEO-U5A5ZJ-Q, NUCLEO-WB05KZ, NUCLEO-WB07CC, NUCLEO-WB09KE, NUCLEO-WBA52CG, NUCLEO-WBA55CG, NUCLEO-WBA65RI, NUCLEO-WL33CC1, NUCLEO-WL33CC2, STEVAL-PROTEUS1, STEVAL-SMARTAG2, STEVAL-STWINBX1, STM320518-EVAL, STM32C0116-DK, STM32C011D6Y3TR, STM32C011D6Y6TR, STM32C011F4P3, STM32C011F4P6, STM32C011F4U3, STM32C011F4U6TR, STM32C011F6P3, STM32C011F6P6, STM32C011F6U3, STM32C011F6U6TR, STM32C011J4M3, STM32C011J4M6, STM32C011J6M3, STM32C011J6M6, STM32C0316-DK, STM32C031C4T3, STM32C031C4T6, STM32C031C4U3, STM32C031C4U6, STM32C031C6T3, STM32C031C6T6, STM32C031C6U3, STM32C031C6U6, STM32C031F4P3, STM32C031F4P6, STM32C031F6P3, STM32C031F6P6, STM32C031G4U3, STM32C031G4U6, STM32C031G6U3, STM32C031G6U6, STM32C031K4T3, STM32C031K4T6, STM32C031K4U3, STM32C031K4U6, STM32C031K6T3, STM32C031K6T6, STM32C031K6U3, STM32C031K6U6, STM32C051C6T6, STM32C051C6U6, STM32C051C8T6, STM32C051C8U6, STM32C051D8Y6TR, STM32C051F6P6, STM32C051F8P6, STM32C051G6U6, STM32C051G8U6, STM32C051K6T6, STM32C051K6U6, STM32C051K8T6, STM32C071C8T6, STM32C071C8T6N, STM32C071C8U6, STM32C071C8U6N, STM32C071CBT6, STM32C071CBT6N, STM32C071CBU6, STM32C071CBU6N, STM32C071F8P6, STM32C071F8P6N, STM32C071FBP6, STM32C071FBP6N, STM32C071FBY6TR, STM32C071G8U6, STM32C071G8U6N, STM32C071GBU6, STM32C071GBU6N, STM32C071K8T6, STM32C071K8T6N, STM32C071K8U6, STM32C071K8U6N, STM32C071KBT6, STM32C071KBT6N, STM32C071KBU6, STM32C071KBU6N, STM32C071R8T6, STM32C071R8T6N, STM32C071RBI6N, STM32C071RBT6, STM32C071RBT6N, STM32C091CBT6, STM32C091CBU6, STM32C091CCT6, STM32C091CCU6, STM32C091ECY6TR, STM32C091FBP6, STM32C091FCP6, STM32C091GBU6, STM32C091GCU6, STM32C091KBT6, STM32C091KBU6, STM32C091KCT6, STM32C091KCU6, STM32C091RBT6, STM32C091RCI6, STM32C091RCT6, STM32C092CBT6, STM32C092CBU6, STM32C092CCT6, STM32C092CCU6, STM32C092ECY6TR, STM32C092FBP6, STM32C092FCP6, STM32C092GBU6, STM32C092GCU6, STM32C092KBT6, STM32C092KBU6, STM32C092KCT6, STM32C092KCU6, STM32C092RBT6, STM32C092RCI6, STM32C092RCT6, STM32G071K8TXN, STM32G071K8UXN, STM32G081GBU6N, STM32G081KBT6N, STM32G081KBUXN, STM32G0B1CCT6N, STM32G0B1KCT6, STM32G0B1NEY6TR, STM32G0B1RCT6N, STM32G0C1CCT6, STM32G0C1CCT6N, STM32G0C1CCU6N, STM32G0C1CET6N, STM32G0C1CEU6N, STM32G0C1KCT6, STM32G0C1NEY6TR, STM32G0C1RCI6N, STM32G0C1RCT6N, STM32G0C1REI6N, STM32G0C1RET6N, STM32G0C1VCI6, STM32G0C1VEI6, STM32G411C6T3, STM32G411C6T6, STM32G411C6U3, STM32G411C6U6, STM32G411C8T3, STM32G411C8T6, STM32G411C8U3, STM32G411C8U6, STM32G411CBT3, STM32G411CBT6, STM32G411CBU3, STM32G411CBU6, STM32G411CCT3, STM32G411CCT6, STM32G411CCU3, STM32G411CCU6, STM32G411K6T3, STM32G411K6T6, STM32G411K6U3, STM32G411K6U6, STM32G411K8T3, STM32G411K8T6, STM32G411K8U3, STM32G411K8U6, STM32G411KBT3, STM32G411KBT6, STM32G411KBU3, STM32G411KBU6, STM32G411M6T3, STM32G411M6T6, STM32G411M8T3, STM32G411M8T6, STM32G411MBT3, STM32G411MBT6, STM32G411MCT3, STM32G411MCT6, STM32G411R6T3, STM32G411R6T6, STM32G411R8T3, STM32G411R8T6, STM32G411RBT3, STM32G411RBT6, STM32G411RCT3, STM32G411RCT6, STM32G414CBT3, STM32G414CBT6, STM32G414CBU3, STM32G414CBU6, STM32G414CCT3, STM32G414CCT6, STM32G414CCU3, STM32G414CCU6, STM32G414MBT3, STM32G414MBT6, STM32G414MCT3, STM32G414MCT6, STM32G414RBT3, STM32G414RBT6, STM32G414RCT3, STM32G414RCT6, STM32G414VBT3, STM32G414VBT6, STM32G414VCT3, STM32G414VCT6, STM32G431CBT3Z, STM32G431RBT3Z, STM32G471CCT6, STM32G471CCU6, STM32G471CET3, STM32G471CET6, STM32G471CEU3, STM32G471CEU6, STM32G471MCT6, STM32G471MET3, STM32G471MET6, STM32G471MEY6TR, STM32G471QCT6, STM32G471QET3, STM32G471RCT6, STM32G471RET3, STM32G471RET6, STM32G471VCH6, STM32G471VCI6, STM32G471VCT6, STM32G471VEH3, STM32G471VEH6, STM32G471VEI3, STM32G471VEI6, STM32G471VET3, STM32G471VET6, STM32G473QET3Z, STM32G473RET3Z, STM32G474CCT6, STM32G491RET3Z, STM32H503CBT6, STM32H503CBU6, STM32H503EBY6TR, STM32H503KBU6, STM32H503RBT6, STM32H523CCT6, STM32H523CCU6, STM32H523CET6, STM32H523CEU6, STM32H523HEY6TR, STM32H523RCT6, STM32H523RET6, STM32H523VCI6, STM32H523VCT6, STM32H523VEI6, STM32H523VET6, STM32H523ZCJ6, STM32H523ZCT6, STM32H523ZEJ6, STM32H523ZET6, STM32H533CET6, STM32H533CEU6, STM32H533HEY6TR, STM32H533RET6, STM32H533VEI6, STM32H533VET6, STM32H533ZEJ6, STM32H533ZET6, STM32H562AGI6, STM32H562AII6, STM32H562IGK6, STM32H562IGT6, STM32H562IIK6, STM32H562IIT6, STM32H562RGT6, STM32H562RGV6, STM32H562RIT6, STM32H562RIV6, STM32H562VGT6, STM32H562VIT6, STM32H562ZGT6, STM32H562ZIT6, STM32H563AGI6, STM32H563AII3Q, STM32H563AII6, STM32H563IGK6, STM32H563IGT6, STM32H563IIK3Q, STM32H563IIK6, STM32H563IIT3Q, STM32H563IIT6, STM32H563MIY3QTR, STM32H563RGT6, STM32H563RGV6, STM32H563RIT6, STM32H563RIV6, STM32H563VGT6, STM32H563VIT3Q, STM32H563VIT6, STM32H563ZGT6, STM32H563ZIT3Q, STM32H563ZIT6, STM32H573AII3Q, STM32H573AII6, STM32H573I-DK, STM32H573IIK3Q, STM32H573IIK6, STM32H573IIT3Q, STM32H573IIT6, STM32H573MIY3QTR, STM32H573RIT6, STM32H573RIV6, STM32H573VIT3Q, STM32H573VIT6, STM32H573ZIT3Q, STM32H573ZIT6, STM32H7R3A8I6, STM32H7R3I8K6, STM32H7R3I8T6, STM32H7R3L8H6, STM32H7R3L8H6H, STM32H7R3R8V6, STM32H7R3V8H6, STM32H7R3V8T6, STM32H7R3V8Y6TR, STM32H7R3Z8J6, STM32H7R3Z8T6, STM32H7R7A8I6, STM32H7R7I8K6, STM32H7R7I8T6, STM32H7R7L8H6, STM32H7R7L8H6H, STM32H7R7Z8J6, STM32H7S3A8I6, STM32H7S3I8K6, STM32H7S3I8T6, STM32H7S3L8H6, STM32H7S3L8H6H, STM32H7S3R8V6, STM32H7S3V8H6, STM32H7S3V8T6, STM32H7S3V8Y6TR, STM32H7S3Z8J6, STM32H7S3Z8T6, STM32H7S78-DK, STM32H7S7A8I6, STM32H7S7I8K6, STM32H7S7I8T6, STM32H7S7L8H6, STM32H7S7L8H6H, STM32H7S7Z8J6, STM32L4R5QGI6STR, STM32MP131AAE3, STM32MP131AAF3, STM32MP131AAG3, STM32MP131CAE3, STM32MP131CAF3, STM32MP131CAG3, STM32MP131DAE7, STM32MP131DAF7, STM32MP131DAG7, STM32MP131FAE7, STM32MP131FAF7, STM32MP131FAG7, STM32MP133AAE3, STM32MP133AAF3, STM32MP133AAG3, STM32MP133CAE3, STM32MP133CAF3, STM32MP133CAG3, STM32MP133DAE7, STM32MP133DAF7, STM32MP133DAG7, STM32MP133FAE7, STM32MP133FAF7, STM32MP133FAG7, STM32MP135AAE3, STM32MP135AAF3, STM32MP135AAG3, STM32MP135CAE3, STM32MP135CAF3, STM32MP135CAG3, STM32MP135DAE7, STM32MP135DAF7, STM32MP135DAG7, STM32MP135F-DK, STM32MP135FAE7, STM32MP135FAF7, STM32MP135FAF7T, STM32MP135FAF7U, STM32MP135FAG7, STM32MP231AAJ3, STM32MP231AAK3, STM32MP231AAL3, STM32MP231CAJ3, STM32MP231CAK3, STM32MP231CAL3, STM32MP231DAJ3, STM32MP231DAK3, STM32MP231DAL3, STM32MP231FAJ3, STM32MP231FAK3, STM32MP231FAL3, STM32MP233AAJ3, STM32MP233AAK3, STM32MP233AAL3, STM32MP233CAJ3, STM32MP233CAK3, STM32MP233CAL3, STM32MP233DAJ3, STM32MP233DAK3, STM32MP233DAL3, STM32MP233FAJ3, STM32MP233FAK3, STM32MP233FAL3, STM32MP235AAJ3, STM32MP235AAK3, STM32MP235AAL3, STM32MP235CAJ3, STM32MP235CAK3, STM32MP235CAL3, STM32MP235DAJ3, STM32MP235DAK3, STM32MP235DAL3, STM32MP235FAJ3, STM32MP235FAK3, STM32MP235FAL3, STM32MP251AAI3, STM32MP251AAJ3, STM32MP251AAK3, STM32MP251AAL3, STM32MP251CAI3, STM32MP251CAJ3, STM32MP251CAK3, STM32MP251CAL3, STM32MP251DAI3, STM32MP251DAJ3, STM32MP251DAK3, STM32MP251DAL3, STM32MP251FAI3, STM32MP251FAJ3, STM32MP251FAK3, STM32MP251FAL3, STM32MP253AAI3, STM32MP253AAJ3, STM32MP253AAK3, STM32MP253AAL3, STM32MP253CAI3, STM32MP253CAJ3, STM32MP253CAK3, STM32MP253CAL3, STM32MP253DAI3, STM32MP253DAJ3, STM32MP253DAK3, STM32MP253DAL3, STM32MP253FAI3, STM32MP253FAJ3, STM32MP253FAK3, STM32MP253FAL3, STM32MP255AAI3, STM32MP255AAJ3, STM32MP255AAK3, STM32MP255AAL3, STM32MP255CAI3, STM32MP255CAJ3, STM32MP255CAK3, STM32MP255CAL3, STM32MP255DAI3, STM32MP255DAJ3, STM32MP255DAK3, STM32MP255DAL3, STM32MP255FAI3, STM32MP255FAJ3, STM32MP255FAK3, STM32MP255FAL3, STM32MP257AAI3, STM32MP257AAJ3, STM32MP257AAK3, STM32MP257AAL3, STM32MP257CAI3, STM32MP257CAJ3, STM32MP257CAK3, STM32MP257CAL3, STM32MP257DAI3, STM32MP257DAJ3, STM32MP257DAK3, STM32MP257DAL3, STM32MP257F-DK, STM32MP257F-EV1, STM32MP257FAI3, STM32MP257FAJ3, STM32MP257FAK3, STM32MP257FAL3, STM32N645A0H3Q, STM32N645B0H3Q, STM32N645I0H3Q, STM32N645L0H3Q, STM32N645X0H3Q, STM32N645Z0H3Q, STM32N647A0H3Q, STM32N647B0H3Q, STM32N647I0H3Q, STM32N647L0H3Q, STM32N647X0H3Q, STM32N647Z0H3Q, STM32N655A0H3Q, STM32N655B0H3Q, STM32N655I0H3Q, STM32N655L0H3Q, STM32N655X0H3Q, STM32N655Z0H3Q, STM32N6570-DK, STM32N657A0H3Q, STM32N657B0H3Q, STM32N657I0H3Q, STM32N657L0H3Q, STM32N657X0H3Q, STM32N657Z0H3Q, STM32U031C6T6, STM32U031C6U6, STM32U031C8T6, STM32U031C8U6, STM32U031F4P6, STM32U031F6P6, STM32U031F8P6, STM32U031G6Y6TR, STM32U031G8Y6TR, STM32U031K4U6, STM32U031K6U6, STM32U031K8U6, STM32U031R6I6, STM32U031R6T6, STM32U031R8I6, STM32U031R8T6, STM32U073C8T6, STM32U073C8U6, STM32U073CBT6, STM32U073CBU6, STM32U073CCT6, STM32U073CCU6, STM32U073H8Y6TR, STM32U073HBY6TR, STM32U073HCY6TR, STM32U073K8U6, STM32U073KBU6, STM32U073KCU6, STM32U073M8I6, STM32U073M8T6, STM32U073MBI6, STM32U073MBT6, STM32U073MCI6, STM32U073MCT6, STM32U073R8I6, STM32U073R8T6, STM32U073RBI6, STM32U073RBT6, STM32U073RCI6, STM32U073RCT6, STM32U083C-DK, STM32U083CCT6, STM32U083CCU6, STM32U083HCY6TR, STM32U083KCU6, STM32U083MCI6, STM32U083MCT6, STM32U083RCI6, STM32U083RCT6, STM32U375CET6, STM32U375CET6Q, STM32U375CEU6, STM32U375CEU6Q, STM32U375CEY6QTR, STM32U375CGT6, STM32U375CGT6Q, STM32U375CGU6, STM32U375CGU6Q, STM32U375CGY6QTR, STM32U375KEU6, STM32U375KGU6, STM32U375REI6, STM32U375REI6Q, STM32U375RET6, STM32U375RET6Q, STM32U375REY6GTR, STM32U375REY6QTR, STM32U375RGI6, STM32U375RGI6Q, STM32U375RGT6, STM32U375RGT6Q, STM32U375RGY6GTR, STM32U375RGY6QTR, STM32U375VEI6, STM32U375VEI6Q, STM32U375VET6, STM32U375VET6Q, STM32U375VGI6, STM32U375VGI6Q, STM32U375VGT6, STM32U375VGT6Q, STM32U385CGT6, STM32U385CGT6Q, STM32U385CGU6, STM32U385CGU6Q, STM32U385CGY6QTR, STM32U385KGU6, STM32U385RGI6, STM32U385RGI6Q, STM32U385RGT6, STM32U385RGT6Q, STM32U385RGY6GTR, STM32U385RGY6QTR, STM32U385VGI6, STM32U385VGI6Q, STM32U385VGT6, STM32U385VGT6Q, STM32U535CBT6, STM32U535CBT6Q, STM32U535CBU6, STM32U535CBU6Q, STM32U535CCT6, STM32U535CCT6Q, STM32U535CCU6, STM32U535CCU6Q, STM32U535CET6, STM32U535CET6Q, STM32U535CEU6, STM32U535CEU6Q, STM32U535JEY6QTR, STM32U535NCY6QTR, STM32U535NEY6QTR, STM32U535RBI6, STM32U535RBI6Q, STM32U535RBT6, STM32U535RBT6Q, STM32U535RCI6, STM32U535RCI6Q, STM32U535RCT6, STM32U535RCT6Q, STM32U535REI6, STM32U535REI6Q, STM32U535RET6, STM32U535RET6Q, STM32U535VCI6, STM32U535VCI6Q, STM32U535VCT6, STM32U535VCT6Q, STM32U535VEI6, STM32U535VEI6Q, STM32U535VET6, STM32U535VET6Q, STM32U545CET6, STM32U545CET6Q, STM32U545CEU6, STM32U545CEU6Q, STM32U545JEY6QTR, STM32U545NEY6QTR, STM32U545REI6, STM32U545REI6Q, STM32U545RET6, STM32U545RET6Q, STM32U545VEI6, STM32U545VEI6Q, STM32U545VET6, STM32U545VET6Q, STM32U595AIH6, STM32U595AIH6Q, STM32U595AJH6, STM32U595AJH6Q, STM32U595QII6, STM32U595QII6Q, STM32U595QJI6, STM32U595QJI6Q, STM32U595RIT6, STM32U595RIT6Q, STM32U595RJT6, STM32U595RJT6Q, STM32U595VIT6, STM32U595VIT6Q, STM32U595VJT6, STM32U595VJT6Q, STM32U595ZIT6, STM32U595ZIT6Q, STM32U595ZIY6QTR, STM32U595ZJT6, STM32U595ZJT6Q, STM32U595ZJY6QTR, STM32U599BJY6QTR, STM32U599NIH6Q, STM32U599NJH6Q, STM32U599VIT6Q, STM32U599VJT6, STM32U599VJT6Q, STM32U599ZIT6Q, STM32U599ZIY6QTR, STM32U599ZJT6Q, STM32U599ZJY6QTR, STM32U5A5AJH6, STM32U5A5AJH6Q, STM32U5A5QII3Q , STM32U5A5QJI6, STM32U5A5QJI6Q, STM32U5A5RJT6, STM32U5A5RJT6Q, STM32U5A5VJT6, STM32U5A5VJT6Q, STM32U5A5ZJT6, STM32U5A5ZJT6Q, STM32U5A5ZJY6QTR, STM32U5A9BJY6QTR, STM32U5A9J-DK, STM32U5A9NJH6Q, STM32U5A9VJT6Q, STM32U5A9ZJT6Q, STM32U5A9ZJY6QTR, STM32U5F7VIT6, STM32U5F7VIT6Q, STM32U5F7VJT6, STM32U5F7VJT6Q, STM32U5F9BJY6QTR, STM32U5F9NJH6Q, STM32U5F9VIT6Q, STM32U5F9VJT6Q, STM32U5F9ZIJ6QTR, STM32U5F9ZIT6Q, STM32U5F9ZJJ6QTR, STM32U5F9ZJT6Q, STM32U5G7VJT6, STM32U5G7VJT6Q, STM32U5G9BJY6QTR, STM32U5G9J-DK1, STM32U5G9J-DK2, STM32U5G9NJH6Q, STM32U5G9VJT6Q, STM32U5G9ZJJ6QTR, STM32U5G9ZJT6Q, STM32WB05KZV6TR, STM32WB05KZV7TR, STM32WB05TZF6TR, STM32WB05TZF7TR, STM32WB06CCF6TR, STM32WB06CCF7TR, STM32WB06CCV6TR, STM32WB06CCV7TR, STM32WB06KCV6TR, STM32WB06KCV7TR, STM32WB07CCF6TR, STM32WB07CCF7TR, STM32WB07CCV6TR, STM32WB07CCV7TR, STM32WB07KCV6TR, STM32WB07KCV7TR, STM32WB09KEV6TR, STM32WB09KEV7TR, STM32WB09TEF6TR, STM32WB09TEF7TR, STM32WB1MMCH6, STM32WBA50KGU6, STM32WBA50KGU6TR, STM32WBA52CEU6, STM32WBA52CEU6TR, STM32WBA52CEU7, STM32WBA52CEU7TR, STM32WBA52CGU6, STM32WBA52CGU6TR, STM32WBA52CGU6U, STM32WBA52CGU7, STM32WBA52CGU7TR, STM32WBA52KEU6, STM32WBA52KEU6TR, STM32WBA52KGU6, STM32WBA52KGU6TR, STM32WBA54CEU6, STM32WBA54CEU6TR, STM32WBA54CEU7, STM32WBA54CEU7TR, STM32WBA54CGU6, STM32WBA54CGU6TR, STM32WBA54CGU7, STM32WBA54CGU7TR, STM32WBA54KEU6, STM32WBA54KEU6TR, STM32WBA54KEU7, STM32WBA54KEU7TR, STM32WBA54KGU6, STM32WBA54KGU6TR, STM32WBA54KGU7, STM32WBA54KGU7TR, STM32WBA55CEU6, STM32WBA55CEU6TR, STM32WBA55CEU7, STM32WBA55CEU7TR, STM32WBA55CGU6, STM32WBA55CGU6TR, STM32WBA55CGU6U, STM32WBA55CGU7, STM32WBA55CGU7TR, STM32WBA55G-DK1, STM32WBA55HEF6, STM32WBA55HEF7, STM32WBA55HGF6, STM32WBA55HGF7, STM32WBA55UEI6, STM32WBA55UEI6TR, STM32WBA55UEI7, STM32WBA55UEI7TR, STM32WBA55UGI6, STM32WBA55UGI6TR, STM32WBA55UGI7, STM32WBA55UGI7TR, STM32WBA5MJGH6TR, STM32WBA62CGU6, STM32WBA62CIU6, STM32WBA62MGF6, STM32WBA62MIF6, STM32WBA62PGI6, STM32WBA62PII6, STM32WBA63CGU6, STM32WBA63CGU7, STM32WBA63CIU6, STM32WBA63CIU7, STM32WBA64CGU6, STM32WBA64CGU7, STM32WBA64CIU6, STM32WBA64CIU7, STM32WBA65CGU6, STM32WBA65CGU7, STM32WBA65CIU6, STM32WBA65CIU7, STM32WBA65I-DK1, STM32WBA65MGF6, STM32WBA65MGF7, STM32WBA65MIF6, STM32WBA65MIF7, STM32WBA65PGI6, STM32WBA65PGI7, STM32WBA65PII6, STM32WBA65PII7, STM32WBA65RGV6, STM32WBA65RGV7, STM32WBA65RIV6, STM32WBA65RIV7, STM32WL30K8V6, STM32WL30KBV6, STM32WL31C8V6, STM32WL31CBV6, STM32WL31K8V6, STM32WL31KBV6, STM32WL33C8V6, STM32WL33C8V6TR, STM32WL33C8V7, STM32WL33C8V7TR, STM32WL33CBV6, STM32WL33CBV6TR, STM32WL33CBV7, STM32WL33CBV7TR, STM32WL33CCV6, STM32WL33CCV6TR, STM32WL33CCV7, STM32WL33CCV7A, STM32WL33CCV7ATR, STM32WL33CCV7TR, STM32WL33K8V6, STM32WL33K8V6TR, STM32WL33K8V7, STM32WL33K8V7TR, STM32WL33KBV6, STM32WL33KBV6TR, STM32WL33KBV7, STM32WL33KBV7TR, STM32WL33KCV6, STM32WL33KCV6TR, STM32WL33KCV7, STM32WL33KCV7TR, STM32WL5MOCH6, STM32WL5MOCH6TR]
2025-05-23 14:09:32,486 [INFO] DbMcus:218 - Found 4686 MCUs, 4686 are supported
2025-05-23 14:09:32,489 [INFO] ApiDb:423 - Load user favorites file C:\Users\yttey/.stm32cubeide/favorites.mcus.txt: 0 item(s)
2025-05-23 14:09:32,489 [INFO] ApiDb:427 - User favorites MCUs=[]
2025-05-23 14:09:32,489 [INFO] DbMcus:224 - Set 0 / 0 favorites MCUs
2025-05-23 14:09:33,193 [INFO] ApiDb:423 - Load user favorites file C:\Users\yttey/.stm32cubeide/favorites.boards.txt: 1 item(s)
2025-05-23 14:09:33,193 [INFO] ApiDb:427 - User favorites Boards=[NUCLEO-L432KC]
2025-05-23 14:09:33,193 [INFO] DbBoards:198 - Set 1 / 1 favorites Boards
2025-05-23 14:09:33,274 [INFO] UtilMem:75 - End LoadConfig() Used Memory: 857824856 Bytes (1073741824)
2025-05-23 14:09:33,513 [WARN] ThirdParty:833 - waiting for thirdparty lock release [change project]
2025-05-23 14:09:33,514 [INFO] ThirdParty:835 - entering critical section [change project]
2025-05-23 14:09:33,514 [INFO] ThirdParty:1030 - CMSIS Pack Vendor :STMicroelectronics USBPD 4.1
2025-05-23 14:09:33,514 [INFO] ThirdParty:1030 - CMSIS Pack Vendor :STMicroelectronics X-CUBE-AZRTOS-H7 3.3.0
2025-05-23 14:09:33,514 [INFO] ThirdParty:1030 - CMSIS Pack Vendor :STMicroelectronics X-CUBE-NFC9 1.0.0
2025-05-23 14:09:33,514 [INFO] ThirdParty:1030 - CMSIS Pack Vendor :wolfSSL I-CUBE-wolfSSL 5.8.0
2025-05-23 14:09:33,514 [INFO] ThirdParty:1030 - CMSIS Pack Vendor :STMicroelectronics USB_HOST 2.0.0
2025-05-23 14:09:33,514 [INFO] ThirdParty:1030 - CMSIS Pack Vendor :STMicroelectronics FP-SNS-MOTENVWB1 1.4.0
2025-05-23 14:09:33,514 [INFO] ThirdParty:1030 - CMSIS Pack Vendor :STMicroelectronics X-CUBE-AZRTOS-F4 1.1.0
2025-05-23 14:09:33,514 [INFO] ThirdParty:1030 - CMSIS Pack Vendor :STMicroelectronics LIBJPEG 8.0.0
2025-05-23 14:09:33,514 [INFO] ThirdParty:1030 - CMSIS Pack Vendor :Avnet-IotConnect X-CUBE-IoTC-DA16k-PMOD 1.0.0
2025-05-23 14:09:33,514 [INFO] ThirdParty:1030 - CMSIS Pack Vendor :STMicroelectronics X-CUBE-SMBUS 2.1.0
2025-05-23 14:09:33,514 [INFO] ThirdParty:1030 - CMSIS Pack Vendor :STMicroelectronics X-CUBE-WB05N 1.1.0
2025-05-23 14:09:33,515 [INFO] ThirdParty:1030 - CMSIS Pack Vendor :wolfSSL I-CUBE-wolfMQTT 1.19.2
2025-05-23 14:09:33,515 [INFO] ThirdParty:1030 - CMSIS Pack Vendor :STMicroelectronics USB_DEVICE 3.0.0
2025-05-23 14:09:33,515 [INFO] ThirdParty:1030 - CMSIS Pack Vendor :STMicroelectronics X-CUBE-ISPU 2.1.0
2025-05-23 14:09:33,515 [INFO] ThirdParty:1030 - CMSIS Pack Vendor :STMicroelectronics X-CUBE-AZRTOS-WB 2.0.0
2025-05-23 14:09:33,515 [INFO] ThirdParty:1030 - CMSIS Pack Vendor :STMicroelectronics X-CUBE-ST60 1.0.0
2025-05-23 14:09:33,515 [INFO] ThirdParty:1030 - CMSIS Pack Vendor :STMicroelectronics X-CUBE-GNSS1 7.0.1
2025-05-23 14:09:33,515 [INFO] ThirdParty:1030 - CMSIS Pack Vendor :STMicroelectronics X-CUBE-AZRTOS-F7 1.1.0
2025-05-23 14:09:33,515 [INFO] ThirdParty:1030 - CMSIS Pack Vendor :STMicroelectronics X-CUBE-AZRTOS-L5 2.0.0
2025-05-23 14:09:33,515 [INFO] ThirdParty:1030 - CMSIS Pack Vendor :STMicroelectronics USB_DEVICE 2.0.0
2025-05-23 14:09:33,515 [INFO] ThirdParty:1030 - CMSIS Pack Vendor :STMicroelectronics X-CUBE-NFC6 3.1.0
2025-05-23 14:09:33,515 [INFO] ThirdParty:1030 - CMSIS Pack Vendor :STMicroelectronics FP-SNS-STBOX1 2.0.0
2025-05-23 14:09:33,515 [INFO] ThirdParty:1030 - CMSIS Pack Vendor :STMicroelectronics FreeRTOS 0.0.1
2025-05-23 14:09:33,516 [INFO] ThirdParty:1030 - CMSIS Pack Vendor :STMicroelectronics X-CUBE-AZRTOS-G0 1.1.0
2025-05-23 14:09:33,516 [INFO] ThirdParty:1030 - CMSIS Pack Vendor :STMicroelectronics X-CUBE-SAFEA1 1.2.2
2025-05-23 14:09:33,516 [INFO] ThirdParty:1030 - CMSIS Pack Vendor :STMicroelectronics X-CUBE-NFC4 3.0.0
2025-05-23 14:09:33,516 [INFO] ThirdParty:1030 - CMSIS Pack Vendor :STMicroelectronics X-CUBE-DPower 1.2.0
2025-05-23 14:09:33,516 [INFO] ThirdParty:1030 - CMSIS Pack Vendor :STMicroelectronics X-CUBE-SUBG2 5.0.0
2025-05-23 14:09:33,516 [INFO] ThirdParty:1030 - CMSIS Pack Vendor :STMicroelectronics X-CUBE-AZRTOS-H7RS 1.1.0
2025-05-23 14:09:33,516 [INFO] ThirdParty:1030 - CMSIS Pack Vendor :STMicroelectronics STM32_WPAN 1.0.0
2025-05-23 14:09:33,516 [INFO] ThirdParty:1030 - CMSIS Pack Vendor :EmbeddedOffice I-CUBE-FS-RTOS 1.0.1
2025-05-23 14:09:33,516 [INFO] ThirdParty:1030 - CMSIS Pack Vendor :STMicroelectronics lwIP 2.0.3
2025-05-23 14:09:33,516 [INFO] ThirdParty:1030 - CMSIS Pack Vendor :STMicroelectronics FP-SNS-FLIGHT1 5.0.2
2025-05-23 14:09:33,516 [INFO] ThirdParty:1030 - CMSIS Pack Vendor :Cesanta I-CUBE-Mongoose 7.13.0
2025-05-23 14:09:33,516 [INFO] ThirdParty:1030 - CMSIS Pack Vendor :STMicroelectronics USB_HOST 1.0.0
2025-05-23 14:09:33,517 [INFO] ThirdParty:1030 - CMSIS Pack Vendor :Infineon AIROC-Wi-Fi-Bluetooth-STM32 1.7.0
2025-05-23 14:09:33,517 [INFO] ThirdParty:1030 - CMSIS Pack Vendor :STMicroelectronics X-CUBE-AZRTOS-G4 2.0.0
2025-05-23 14:09:33,517 [INFO] ThirdParty:1030 - CMSIS Pack Vendor :STMicroelectronics X-CUBE-WB05N 2.0.0
2025-05-23 14:09:33,517 [INFO] ThirdParty:1030 - CMSIS Pack Vendor :STMicroelectronics PDM2PCM 3.1.0
2025-05-23 14:09:33,517 [INFO] ThirdParty:1030 - CMSIS Pack Vendor :STMicroelectronics PDM2PCM 3.3.0
2025-05-23 14:09:33,517 [INFO] ThirdParty:1030 - CMSIS Pack Vendor :wolfSSL I-CUBE-wolfTPM 3.8.0
2025-05-23 14:09:33,517 [INFO] ThirdParty:1030 - CMSIS Pack Vendor :STMicroelectronics X-CUBE-DISPLAY 3.0.0
2025-05-23 14:09:33,517 [INFO] ThirdParty:1030 - CMSIS Pack Vendor :wolfSSL I-CUBE-wolfSSH 1.4.20
2025-05-23 14:09:33,517 [INFO] ThirdParty:1030 - CMSIS Pack Vendor :STMicroelectronics X-CUBE-NFC7 2.0.0
2025-05-23 14:09:33,517 [INFO] ThirdParty:1030 - CMSIS Pack Vendor :STMicroelectronics X-CUBE-TCPP 4.2.0
2025-05-23 14:09:33,517 [INFO] ThirdParty:1030 - CMSIS Pack Vendor :RealThread X-CUBE-RT-Thread_Nano 4.1.1
2025-05-23 14:09:33,517 [INFO] ThirdParty:1030 - CMSIS Pack Vendor :STMicroelectronics FP-ATR-SIGFOX1 3.2.0
2025-05-23 14:09:33,517 [INFO] ThirdParty:1030 - CMSIS Pack Vendor :STMicroelectronics X-CUBE-NFC10 1.0.0
2025-05-23 14:09:33,517 [INFO] ThirdParty:1030 - CMSIS Pack Vendor :STMicroelectronics X-CUBE-BLEMGR 4.0.0
2025-05-23 14:09:33,517 [INFO] ThirdParty:1030 - CMSIS Pack Vendor :STMicroelectronics X-CUBE-EEPRMA1 5.1.0
2025-05-23 14:09:33,517 [INFO] ThirdParty:1030 - CMSIS Pack Vendor :STMicroelectronics X-CUBE-FREERTOS 1.3.1
2025-05-23 14:09:33,517 [INFO] ThirdParty:1030 - CMSIS Pack Vendor :STMicroelectronics HAL Drivers 0.0.0
2025-05-23 14:09:33,517 [INFO] ThirdParty:1030 - CMSIS Pack Vendor :STMicroelectronics MBEDTLS 2.16.2
2025-05-23 14:09:33,518 [INFO] ThirdParty:1030 - CMSIS Pack Vendor :STMicroelectronics X-CUBE-IPS 3.1.0
2025-05-23 14:09:33,518 [INFO] ThirdParty:1030 - CMSIS Pack Vendor :STMicroelectronics X-CUBE-ALS 1.0.2
2025-05-23 14:09:33,518 [INFO] ThirdParty:1030 - CMSIS Pack Vendor :emotas I-CUBE-CANOPEN 1.3.0
2025-05-23 14:09:33,518 [INFO] ThirdParty:1030 - CMSIS Pack Vendor :STMicroelectronics X-CUBE-FREERTOS 1.3.0
2025-05-23 14:09:33,518 [INFO] ThirdParty:1030 - CMSIS Pack Vendor :STMicroelectronics X-CUBE-NFC7 1.0.1
2025-05-23 14:09:33,518 [INFO] ThirdParty:1030 - CMSIS Pack Vendor :STMicroelectronics MBEDTLS 2.14.1
2025-05-23 14:09:33,518 [INFO] ThirdParty:1030 - CMSIS Pack Vendor :ITTIA_DB I-CUBE-ITTIADB 8.9.0
2025-05-23 14:09:33,518 [INFO] ThirdParty:1030 - CMSIS Pack Vendor :portGmbH I-Cube-SoM-uGOAL 1.1.0
2025-05-23 14:09:33,518 [INFO] ThirdParty:1030 - CMSIS Pack Vendor :quantropi X-CUBE-qispace-sdk-base 2.0.0
2025-05-23 14:09:33,518 [INFO] ThirdParty:1030 - CMSIS Pack Vendor :STMicroelectronics X-CUBE-AI 10.0.0
2025-05-23 14:09:33,518 [INFO] ThirdParty:1030 - CMSIS Pack Vendor :STMicroelectronics ThreadX 1.0.0
2025-05-23 14:09:33,518 [INFO] ThirdParty:1030 - CMSIS Pack Vendor :STMicroelectronics FP-SNS-SMARTAG2 1.2.0
2025-05-23 14:09:33,518 [INFO] ThirdParty:1030 - CMSIS Pack Vendor :STMicroelectronics X-CUBE-MEMS1 11.1.0
2025-05-23 14:09:33,518 [INFO] ThirdParty:1030 - CMSIS Pack Vendor :STMicroelectronics X-CUBE-AZRTOS-WL 2.0.0
2025-05-23 14:09:33,518 [INFO] ThirdParty:1030 - CMSIS Pack Vendor :SEGGER I-CUBE-embOS 1.3.1
2025-05-23 14:09:33,518 [INFO] ThirdParty:1030 - CMSIS Pack Vendor :STMicroelectronics X-CUBE-ALGOBUILD 1.4.0
2025-05-23 14:09:33,518 [INFO] ThirdParty:1030 - CMSIS Pack Vendor :STMicroelectronics FP-SNS-MOTENV1 5.0.0
2025-05-23 14:09:33,518 [INFO] ThirdParty:1030 - CMSIS Pack Vendor :STMicroelectronics USB_DEVICE 1.0.0
2025-05-23 14:09:33,518 [INFO] ThirdParty:1030 - CMSIS Pack Vendor :STMicroelectronics X-CUBE-AZRTOS-H7RS 1.0.0
2025-05-23 14:09:33,518 [INFO] ThirdParty:1030 - CMSIS Pack Vendor :STMicroelectronics X-CUBE-AZRTOS-L4 2.0.0
2025-05-23 14:09:33,519 [INFO] ThirdParty:1030 - CMSIS Pack Vendor :STMicroelectronics ThreadX 0.0.2
2025-05-23 14:09:33,519 [INFO] ThirdParty:1030 - CMSIS Pack Vendor :WES I-CUBE-Cesium 1.3.0
2025-05-23 14:09:33,519 [INFO] ThirdParty:1030 - CMSIS Pack Vendor :STMicroelectronics lwIP 2.1.2
2025-05-23 14:09:33,519 [INFO] ThirdParty:1030 - CMSIS Pack Vendor :STMicroelectronics X-CUBE-SFXS2LP1 4.0.0
2025-05-23 14:09:33,519 [INFO] ThirdParty:1030 - CMSIS Pack Vendor :STMicroelectronics X-CUBE-BLE2 3.3.0
2025-05-23 14:09:33,519 [INFO] ThirdParty:1030 - CMSIS Pack Vendor :STMicroelectronics X-CUBE-TOF1 3.4.2
2025-05-23 14:09:33,519 [INFO] ThirdParty:1030 - CMSIS Pack Vendor :STMicroelectronics X-CUBE-TOF1 3.4.3
2025-05-23 14:09:33,519 [INFO] ThirdParty:1030 - CMSIS Pack Vendor :STMicroelectronics PDM2PCM 3.2.0
2025-05-23 14:09:33,519 [INFO] ThirdParty:841 - exiting critical section [change project]
2025-05-23 14:09:34,339 [INFO] PinOutPanel:1589 - setPackage(No Configuration,No Configuration)
2025-05-23 14:09:34,341 [INFO] PinOutPanel:1589 - setPackage(STM32L432KCUx,UFQFPN32)
2025-05-23 14:09:35,151 [INFO] UtilMem:75 - Before build in PCC Used Memory: 587294992 Bytes (1073741824)
2025-05-23 14:09:36,535 [INFO] UtilMem:75 - After build in PCC Used Memory: 714172688 Bytes (1073741824)
2025-05-23 14:09:36,596 [INFO] IPUIPlugin:80 - create IPUIPlugin
2025-05-23 14:09:36,596 [INFO] IPUIPlugin:80 - create IPUIPlugin
2025-05-23 14:09:36,597 [INFO] IPUIPlugin:80 - create IPUIPlugin
2025-05-23 14:09:36,597 [INFO] IPUIPlugin:80 - create IPUIPlugin
2025-05-23 14:09:36,597 [INFO] IPUIPlugin:80 - create IPUIPlugin
2025-05-23 14:09:36,597 [INFO] IPUIPlugin:80 - create IPUIPlugin
2025-05-23 14:09:36,597 [INFO] IPUIPlugin:80 - create IPUIPlugin
2025-05-23 14:09:36,597 [INFO] IPUIPlugin:80 - create IPUIPlugin
2025-05-23 14:09:36,598 [INFO] IPUIPlugin:80 - create IPUIPlugin
2025-05-23 14:09:36,598 [INFO] IPUIPlugin:80 - create IPUIPlugin
2025-05-23 14:09:36,598 [INFO] IPUIPlugin:80 - create IPUIPlugin
2025-05-23 14:09:36,598 [INFO] IPUIPlugin:80 - create IPUIPlugin
2025-05-23 14:09:36,600 [INFO] IPUIPlugin:80 - create IPUIPlugin
2025-05-23 14:09:36,600 [INFO] IPUIPlugin:80 - create IPUIPlugin
2025-05-23 14:09:36,600 [INFO] IPUIPlugin:80 - create IPUIPlugin
2025-05-23 14:09:36,600 [INFO] IPUIPlugin:80 - create IPUIPlugin
2025-05-23 14:09:36,601 [INFO] IPUIPlugin:80 - create IPUIPlugin
2025-05-23 14:09:36,601 [INFO] IPUIPlugin:80 - create IPUIPlugin
2025-05-23 14:09:36,601 [INFO] IPUIPlugin:80 - create IPUIPlugin
2025-05-23 14:09:36,603 [INFO] IPUIPlugin:80 - create IPUIPlugin
2025-05-23 14:09:36,603 [INFO] IPUIPlugin:80 - create IPUIPlugin
2025-05-23 14:09:36,603 [INFO] IPUIPlugin:80 - create IPUIPlugin
2025-05-23 14:09:36,604 [INFO] IPUIPlugin:80 - create IPUIPlugin
2025-05-23 14:09:36,604 [INFO] IPUIPlugin:80 - create IPUIPlugin
2025-05-23 14:09:36,604 [INFO] IPUIPlugin:80 - create IPUIPlugin
2025-05-23 14:09:36,605 [INFO] IPUIPlugin:80 - create IPUIPlugin
2025-05-23 14:09:36,605 [INFO] IPUIPlugin:80 - create IPUIPlugin
2025-05-23 14:09:36,605 [INFO] IPUIPlugin:80 - create IPUIPlugin
2025-05-23 14:09:36,605 [INFO] IPUIPlugin:80 - create IPUIPlugin
2025-05-23 14:09:36,606 [INFO] IPUIPlugin:80 - create IPUIPlugin
2025-05-23 14:09:36,606 [INFO] IPUIPlugin:80 - create IPUIPlugin
2025-05-23 14:09:36,606 [INFO] IPUIPlugin:80 - create IPUIPlugin
2025-05-23 14:09:36,606 [INFO] IPUIPlugin:80 - create IPUIPlugin
2025-05-23 14:09:36,607 [INFO] IPUIPlugin:80 - create IPUIPlugin
2025-05-23 14:09:36,607 [INFO] IPUIPlugin:80 - create IPUIPlugin
2025-05-23 14:09:36,607 [INFO] IPUIPlugin:80 - create IPUIPlugin
2025-05-23 14:09:36,609 [INFO] IPUIPlugin:80 - create IPUIPlugin
2025-05-23 14:09:36,609 [INFO] IPUIPlugin:80 - create IPUIPlugin
2025-05-23 14:09:36,610 [INFO] IPUIPlugin:80 - create IPUIPlugin
2025-05-23 14:09:36,610 [INFO] IPUIPlugin:80 - create IPUIPlugin
2025-05-23 14:09:36,610 [INFO] IPUIPlugin:80 - create IPUIPlugin
2025-05-23 14:09:36,913 [INFO] CADModel:165 - CPN selected for project levelSTM32L432KCU3
2025-05-23 14:09:36,913 [INFO] CADModel:114 - Register for checkConnection events
2025-05-23 14:09:36,974 [INFO] OpenFileManager:385 - Restore cursor
2025-05-23 14:10:06,773 [INFO] ADCParametersView:116 -                Rank 1 : false
2025-05-23 14:10:06,774 [INFO] ADCParametersView:116 -                Rank 1 : false
2025-05-23 14:10:06,774 [INFO] ADCParametersView:116 -                Rank 2 : false
2025-05-23 14:10:06,774 [INFO] ADCParametersView:116 -                Rank 1 : false
2025-05-23 14:10:06,775 [INFO] ADCParametersView:116 -                Rank 2 : false
2025-05-23 14:10:06,775 [INFO] ADCParametersView:116 -                Rank 3 : false
2025-05-23 14:10:07,038 [INFO] ADCParametersView:116 -                Rank 1 : false
2025-05-23 14:10:07,038 [INFO] ADCParametersView:116 -                Rank 2 : false
2025-05-23 14:10:07,038 [INFO] ADCParametersView:116 -                Rank 3 : false
2025-05-23 14:10:07,039 [INFO] ADCParametersView:116 -                Rank 1 : false
2025-05-23 14:10:07,039 [INFO] ADCParametersView:116 -                Rank 2 : false
2025-05-23 14:10:07,039 [INFO] ADCParametersView:116 -                Rank 3 : false
2025-05-23 14:10:07,039 [INFO] ADCParametersView:116 -                Rank 1 : false
2025-05-23 14:10:07,039 [INFO] ADCParametersView:116 -                Rank 2 : false
2025-05-23 14:10:07,039 [INFO] ADCParametersView:116 -                Rank 3 : false
2025-05-23 14:10:07,040 [INFO] ADCParametersView:116 -                Rank 1 : false
2025-05-23 14:10:07,040 [INFO] ADCParametersView:116 -                Rank 2 : false
2025-05-23 14:10:07,040 [INFO] ADCParametersView:116 -                Rank 3 : false
2025-05-23 14:10:07,040 [INFO] ADCParametersView:116 -                Rank 1 : false
2025-05-23 14:10:07,040 [INFO] ADCParametersView:116 -                Rank 2 : false
2025-05-23 14:10:07,040 [INFO] ADCParametersView:116 -                Rank 3 : false
2025-05-23 14:10:07,040 [INFO] ADCParametersView:116 -                Rank 1 : false
2025-05-23 14:10:07,040 [INFO] ADCParametersView:116 -                Rank 2 : false
2025-05-23 14:10:07,041 [INFO] ADCParametersView:116 -                Rank 3 : false
2025-05-23 14:10:07,041 [INFO] ADCParametersView:116 -                Rank 1 : false
2025-05-23 14:10:07,041 [INFO] ADCParametersView:116 -                Rank 2 : false
2025-05-23 14:10:07,041 [INFO] ADCParametersView:116 -                Rank 3 : false
2025-05-23 14:10:07,041 [INFO] ADCParametersView:116 -                Rank 1 : false
2025-05-23 14:10:07,041 [INFO] ADCParametersView:116 -                Rank 2 : false
2025-05-23 14:10:07,041 [INFO] ADCParametersView:116 -                Rank 3 : false
2025-05-23 14:10:07,041 [INFO] ADCParametersView:116 -                Rank 1 : false
2025-05-23 14:10:07,042 [INFO] ADCParametersView:116 -                Rank 2 : false
2025-05-23 14:10:07,042 [INFO] ADCParametersView:116 -                Rank 3 : false
2025-05-23 14:10:07,042 [INFO] ADCParametersView:116 -                Rank 1 : false
2025-05-23 14:10:07,042 [INFO] ADCParametersView:116 -                Rank 2 : false
2025-05-23 14:10:07,042 [INFO] ADCParametersView:116 -                Rank 3 : false
2025-05-23 14:10:07,042 [INFO] ADCParametersView:116 -                Rank 1 : false
2025-05-23 14:10:07,042 [INFO] ADCParametersView:116 -                Rank 2 : false
2025-05-23 14:10:07,042 [INFO] ADCParametersView:116 -                Rank 3 : false
2025-05-23 14:10:07,042 [INFO] ADCParametersView:116 -                Rank 1 : false
2025-05-23 14:10:07,043 [INFO] ADCParametersView:116 -                Rank 2 : false
2025-05-23 14:10:07,043 [INFO] ADCParametersView:116 -                Rank 3 : false
2025-05-23 14:10:07,043 [INFO] ADCParametersView:116 -                Rank 1 : false
2025-05-23 14:10:07,043 [INFO] ADCParametersView:116 -                Rank 2 : false
2025-05-23 14:10:07,043 [INFO] ADCParametersView:116 -                Rank 3 : false
2025-05-23 14:10:07,043 [INFO] ADCParametersView:116 -                Rank 1 : false
2025-05-23 14:10:07,043 [INFO] ADCParametersView:116 -                Rank 2 : false
2025-05-23 14:10:07,044 [INFO] ADCParametersView:116 -                Rank 3 : false
2025-05-23 14:10:07,044 [INFO] ADCParametersView:116 -                Rank 1 : false
2025-05-23 14:10:07,044 [INFO] ADCParametersView:116 -                Rank 2 : false
2025-05-23 14:10:07,044 [INFO] ADCParametersView:116 -                Rank 3 : false
2025-05-23 14:10:07,045 [INFO] ADCParametersView:116 -                Rank 1 : false
2025-05-23 14:10:07,045 [INFO] ADCParametersView:116 -                Rank 2 : false
2025-05-23 14:10:07,045 [INFO] ADCParametersView:116 -                Rank 3 : false
2025-05-23 14:10:07,045 [INFO] ADCParametersView:116 -                Rank 1 : false
2025-05-23 14:10:07,045 [INFO] ADCParametersView:116 -                Rank 2 : false
2025-05-23 14:10:07,045 [INFO] ADCParametersView:116 -                Rank 3 : false
2025-05-23 14:10:07,045 [INFO] ADCParametersView:116 -                Rank 1 : false
2025-05-23 14:10:07,045 [INFO] ADCParametersView:116 -                Rank 2 : false
2025-05-23 14:10:07,045 [INFO] ADCParametersView:116 -                Rank 3 : false
2025-05-23 14:10:07,045 [INFO] ADCParametersView:116 -                Rank 1 : false
2025-05-23 14:10:07,046 [INFO] ADCParametersView:116 -                Rank 2 : false
2025-05-23 14:10:07,046 [INFO] ADCParametersView:116 -                Rank 3 : false
2025-05-23 14:10:07,046 [INFO] ADCParametersView:116 -                Rank 2 : false
2025-05-23 14:10:07,046 [INFO] ADCParametersView:116 -                Rank 3 : false
2025-05-23 14:10:07,046 [INFO] ADCParametersView:116 -                Rank 3 : false
2025-05-23 14:10:07,098 [INFO] ADCParametersView:116 -                Rank 1 : false
2025-05-23 14:10:07,098 [INFO] ADCParametersView:116 -                Rank 1 : false
2025-05-23 14:10:07,099 [INFO] ADCParametersView:116 -                Rank 2 : false
2025-05-23 14:10:07,100 [INFO] ADCParametersView:116 -                Rank 1 : false
2025-05-23 14:10:07,100 [INFO] ADCParametersView:116 -                Rank 2 : false
2025-05-23 14:10:07,100 [INFO] ADCParametersView:116 -                Rank 3 : false
2025-05-23 14:10:15,036 [INFO] NvicIntPanel:101 - NVIC parent = com.st.microxplorer.plugins.ip.nvic.MultiNvicIntPanel[,0,0,0x0,invalid,layout=javax.swing.BoxLayout,alignmentX=0.0,alignmentY=0.0,border=,flags=9,maximumSize=,minimumSize=,preferredSize=]
2025-05-23 14:10:18,169 [INFO] UtilMem:75 - End SaveConfig() Used Memory: 755069200 Bytes (1073741824)
2025-05-23 14:10:19,834 [INFO] UtilMem:75 - End SaveConfig() Used Memory: 770797840 Bytes (1073741824)
2025-05-23 14:10:23,686 [INFO] UtilMem:75 - End SaveConfig() Used Memory: 854157584 Bytes (1073741824)
2025-05-23 14:10:24,389 [INFO] BlockDiagram:2775 - set Specific Code input for plugin: NVIC
2025-05-23 14:10:24,389 [INFO] BlockDiagram:2775 - set Specific Code input for plugin: USART
2025-05-23 14:10:24,390 [INFO] BlockDiagram:2775 - set Specific Code input for plugin: DMA
2025-05-23 14:10:24,390 [INFO] BlockDiagram:2775 - set Specific Code input for plugin: TIM1_8L4
2025-05-23 14:10:24,390 [INFO] BlockDiagram:2775 - set Specific Code input for plugin: SYS
2025-05-23 14:10:24,390 [INFO] BlockDiagram:2775 - set Specific Code input for plugin: GPIO
2025-05-23 14:10:24,390 [INFO] BlockDiagram:2775 - set Specific Code input for plugin: ADC
2025-05-23 14:10:24,390 [INFO] BlockDiagram:2775 - set Specific Code input for plugin: RCC
2025-05-23 14:10:24,392 [INFO] CodeGenerator:882 - code generatio: config db path: C:\ST\STM32CubeIDE_1.18.0\STM32CubeIDE\plugins\com.st.stm32cube.common.mx_6.14.1.202504091515\\db\
2025-05-23 14:10:24,728 [INFO] CodeEngine:263 - oldGeneratedFile, C:\Users\yttey\Desktop\TRC3500_Project3\Project3\MXTmpFiles\license.tmp_save
2025-05-23 14:10:25,335 [INFO] CodeEngine:287 - Generated code: C:\Users\yttey\Desktop\TRC3500_Project3\Project3\MXTmpFiles\license.tmp
2025-05-23 14:10:25,485 [INFO] CodeEngine:263 - oldGeneratedFile, C:\Users\yttey\Desktop\TRC3500_Project3\Project3\MXTmpFiles\gpio.tmp_save
2025-05-23 14:10:25,725 [INFO] CodeEngine:287 - Generated code: C:\Users\yttey\Desktop\TRC3500_Project3\Project3\MXTmpFiles\gpio.tmp
2025-05-23 14:10:26,222 [INFO] CodeEngine:263 - oldGeneratedFile, C:\Users\yttey\Desktop\TRC3500_Project3\Project3\MXTmpFiles\dma.tmp_save
2025-05-23 14:10:26,364 [INFO] CodeEngine:287 - Generated code: C:\Users\yttey\Desktop\TRC3500_Project3\Project3\MXTmpFiles\dma.tmp
2025-05-23 14:10:26,370 [INFO] CodeEngine:263 - oldGeneratedFile, C:\Users\yttey\Desktop\TRC3500_Project3\Project3\MXTmpFiles\dma_GV.tmp_save
2025-05-23 14:10:26,508 [INFO] CodeEngine:287 - Generated code: C:\Users\yttey\Desktop\TRC3500_Project3\Project3\MXTmpFiles\dma_GV.tmp
2025-05-23 14:10:26,531 [INFO] CodeEngine:263 - oldGeneratedFile, C:\Users\yttey\Desktop\TRC3500_Project3\Project3\Core\Src\stm32l4xx_it.c_save
2025-05-23 14:10:26,705 [INFO] CodeEngine:287 - Generated code: C:\Users\yttey\Desktop\TRC3500_Project3\Project3\Core\Src\stm32l4xx_it.c
2025-05-23 14:10:26,715 [INFO] CodeEngine:263 - oldGeneratedFile, C:\Users\yttey\Desktop\TRC3500_Project3\Project3\Core\Inc\stm32l4xx_it.h_save
2025-05-23 14:10:26,829 [INFO] CodeEngine:287 - Generated code: C:\Users\yttey\Desktop\TRC3500_Project3\Project3\Core\Inc\stm32l4xx_it.h
2025-05-23 14:10:26,868 [INFO] CodeEngine:263 - oldGeneratedFile, C:\Users\yttey\Desktop\TRC3500_Project3\Project3\Core\Src\stm32l4xx_hal_msp.c_save
2025-05-23 14:10:27,126 [INFO] CodeEngine:287 - Generated code: C:\Users\yttey\Desktop\TRC3500_Project3\Project3\Core\Src\stm32l4xx_hal_msp.c
2025-05-23 14:10:27,146 [INFO] CodeEngine:263 - oldGeneratedFile, C:\Users\yttey\Desktop\TRC3500_Project3\Project3\MXTmpFiles\system.tmp_save
2025-05-23 14:10:27,242 [INFO] CodeEngine:287 - Generated code: C:\Users\yttey\Desktop\TRC3500_Project3\Project3\MXTmpFiles\system.tmp
2025-05-23 14:10:27,259 [INFO] CodeEngine:319 - oldGeneratedFile, C:\Users\yttey\Desktop\TRC3500_Project3\Project3\Core\Inc\stm32l4xx_hal_conf.h_save
2025-05-23 14:10:27,376 [INFO] CodeEngine:343 - Generated code: C:\Users\yttey\Desktop\TRC3500_Project3\Project3\Core\Inc\stm32l4xx_hal_conf.h
2025-05-23 14:10:27,426 [INFO] ApiDbMcu:508 - Load IP Config File for ADC1
2025-05-23 14:10:27,448 [INFO] ApiDbMcu:508 - Load IP Config File for TIM1
2025-05-23 14:10:27,469 [INFO] ApiDbMcu:508 - Load IP Config File for USART2
2025-05-23 14:10:27,473 [INFO] ApiDbMcu:508 - Load IP Config File for RCC
2025-05-23 14:10:27,477 [WARN] IPConfigManager:3790 - IP not found : TIM
2025-05-23 14:10:27,478 [WARN] CodeGenerator:4198 - IP not found : null
2025-05-23 14:10:27,489 [INFO] CodeEngine:263 - oldGeneratedFile, C:\Users\yttey\Desktop\TRC3500_Project3\Project3\Core\Inc\main.h_save
2025-05-23 14:10:27,641 [INFO] CodeEngine:287 - Generated code: C:\Users\yttey\Desktop\TRC3500_Project3\Project3\Core\Inc\main.h
2025-05-23 14:10:27,650 [INFO] CodeEngine:263 - oldGeneratedFile, C:\Users\yttey\Desktop\TRC3500_Project3\Project3\Core\Src\main.c_save
2025-05-23 14:10:27,910 [INFO] CodeEngine:287 - Generated code: C:\Users\yttey\Desktop\TRC3500_Project3\Project3\Core\Src\main.c
2025-05-23 14:10:28,602 [INFO] ProjectBuilder:3324 - Time for Copy HAL[1] : 348mS.
2025-05-23 14:10:28,615 [INFO] ProjectBuilder:4912 - Project Generator version: 4.6.0.1-B1
2025-05-23 14:10:28,761 [INFO] ConfigFileManager:1590 - The Die is : DIE435
2025-05-23 14:10:28,785 [INFO] ApiDbMcu:508 - Load IP Config File for FATFS
2025-05-23 14:10:28,792 [INFO] ApiDbMcu:508 - Load IP Config File for FREERTOS
2025-05-23 14:10:28,812 [INFO] ApiDbMcu:508 - Load IP Config File for TOUCHSENSING
2025-05-23 14:10:28,824 [INFO] ApiDbMcu:508 - Load IP Config File for USB_DEVICE
2025-05-23 14:10:29,352 [INFO] LogOutputStream:77 - [STDOUT_REDIRECT] 
2025-05-23 14:10:30,501 [INFO] ProjectBuilder:5191 - Time for Generating toolchain IDE Files: 1885mS.
2025-05-23 14:10:30,502 [INFO] ProjectBuilder:3181 - Time for Copy CMSIS : 1mS.
2025-05-23 14:10:30,505 [INFO] ProjectBuilder:3181 - Time for Copy CMSIS : 0mS.
2025-05-23 14:27:37,141 [INFO] NvicIntPanel:101 - NVIC parent = com.st.microxplorer.plugins.ip.nvic.MultiNvicIntPanel[,0,0,0x0,invalid,layout=javax.swing.BoxLayout,alignmentX=0.0,alignmentY=0.0,border=,flags=9,maximumSize=,minimumSize=,preferredSize=]
2025-05-23 14:27:39,220 [INFO] UtilMem:75 - End SaveConfig() Used Memory: 753240592 Bytes (1073741824)
2025-05-23 14:27:40,234 [INFO] UtilMem:75 - End SaveConfig() Used Memory: 768446992 Bytes (1073741824)
2025-05-23 14:27:41,190 [INFO] UtilMem:75 - End SaveConfig() Used Memory: 839223824 Bytes (1073741824)
2025-05-23 14:27:41,600 [INFO] BlockDiagram:2775 - set Specific Code input for plugin: NVIC
2025-05-23 14:27:41,600 [INFO] BlockDiagram:2775 - set Specific Code input for plugin: USART
2025-05-23 14:27:41,600 [INFO] BlockDiagram:2775 - set Specific Code input for plugin: DMA
2025-05-23 14:27:41,600 [INFO] BlockDiagram:2775 - set Specific Code input for plugin: TIM1_8L4
2025-05-23 14:27:41,600 [INFO] BlockDiagram:2775 - set Specific Code input for plugin: SYS
2025-05-23 14:27:41,601 [INFO] BlockDiagram:2775 - set Specific Code input for plugin: GPIO
2025-05-23 14:27:41,601 [INFO] BlockDiagram:2775 - set Specific Code input for plugin: ADC
2025-05-23 14:27:41,601 [INFO] BlockDiagram:2775 - set Specific Code input for plugin: RCC
2025-05-23 14:27:41,603 [INFO] CodeGenerator:882 - code generatio: config db path: C:\ST\STM32CubeIDE_1.18.0\STM32CubeIDE\plugins\com.st.stm32cube.common.mx_6.14.1.202504091515\\db\
2025-05-23 14:27:41,612 [INFO] Argument:325 - Argument : hdmavalue: null
2025-05-23 14:27:41,612 [INFO] Argument:327 - 	 sub Args: 
2025-05-23 14:27:41,612 [INFO] Argument:325 - Argument : Instancevalue: DMA1_Channel1
2025-05-23 14:27:41,612 [INFO] Argument:335 - Argument : Instancevalue: DMA1_Channel1
2025-05-23 14:27:41,613 [INFO] Argument:325 - Argument : Initvalue: null
2025-05-23 14:27:41,613 [INFO] Argument:327 - 	 sub Args: 
2025-05-23 14:27:41,613 [INFO] Argument:325 - Argument : Requestvalue: DMA_REQUEST_0
2025-05-23 14:27:41,613 [INFO] Argument:335 - Argument : Requestvalue: DMA_REQUEST_0
2025-05-23 14:27:41,613 [INFO] Argument:325 - Argument : Directionvalue: DMA_PERIPH_TO_MEMORY
2025-05-23 14:27:41,613 [INFO] Argument:335 - Argument : Directionvalue: DMA_PERIPH_TO_MEMORY
2025-05-23 14:27:41,613 [INFO] Argument:325 - Argument : PeriphIncvalue: DMA_PINC_DISABLE
2025-05-23 14:27:41,613 [INFO] Argument:335 - Argument : PeriphIncvalue: DMA_PINC_DISABLE
2025-05-23 14:27:41,613 [INFO] Argument:325 - Argument : MemIncvalue: DMA_MINC_ENABLE
2025-05-23 14:27:41,613 [INFO] Argument:335 - Argument : MemIncvalue: DMA_MINC_ENABLE
2025-05-23 14:27:41,613 [INFO] Argument:325 - Argument : PeriphDataAlignmentvalue: DMA_PDATAALIGN_HALFWORD
2025-05-23 14:27:41,613 [INFO] Argument:335 - Argument : PeriphDataAlignmentvalue: DMA_PDATAALIGN_HALFWORD
2025-05-23 14:27:41,613 [INFO] Argument:325 - Argument : MemDataAlignmentvalue: DMA_MDATAALIGN_HALFWORD
2025-05-23 14:27:41,613 [INFO] Argument:335 - Argument : MemDataAlignmentvalue: DMA_MDATAALIGN_HALFWORD
2025-05-23 14:27:41,613 [INFO] Argument:325 - Argument : Modevalue: DMA_NORMAL
2025-05-23 14:27:41,613 [INFO] Argument:335 - Argument : Modevalue: DMA_NORMAL
2025-05-23 14:27:41,613 [INFO] Argument:325 - Argument : Priorityvalue: DMA_PRIORITY_LOW
2025-05-23 14:27:41,613 [INFO] Argument:335 - Argument : Priorityvalue: DMA_PRIORITY_LOW
2025-05-23 14:27:41,613 [INFO] Argument:325 - Argument : Lockvalue: null
2025-05-23 14:27:41,613 [INFO] Argument:335 - Argument : Lockvalue: null
2025-05-23 14:27:41,613 [INFO] Argument:325 - Argument : Statevalue: null
2025-05-23 14:27:41,613 [INFO] Argument:335 - Argument : Statevalue: null
2025-05-23 14:27:41,613 [INFO] Argument:325 - Argument : Parentvalue: null
2025-05-23 14:27:41,614 [INFO] Argument:335 - Argument : Parentvalue: null
2025-05-23 14:27:41,614 [INFO] Argument:325 - Argument : XferCpltCallbackvalue: null
2025-05-23 14:27:41,614 [INFO] Argument:335 - Argument : XferCpltCallbackvalue: null
2025-05-23 14:27:41,614 [INFO] Argument:325 - Argument : XferHalfCpltCallbackvalue: null
2025-05-23 14:27:41,614 [INFO] Argument:335 - Argument : XferHalfCpltCallbackvalue: null
2025-05-23 14:27:41,614 [INFO] Argument:325 - Argument : XferErrorCallbackvalue: null
2025-05-23 14:27:41,614 [INFO] Argument:335 - Argument : XferErrorCallbackvalue: null
2025-05-23 14:27:41,614 [INFO] Argument:325 - Argument : XferAbortCallbackvalue: null
2025-05-23 14:27:41,614 [INFO] Argument:335 - Argument : XferAbortCallbackvalue: null
2025-05-23 14:27:41,614 [INFO] Argument:325 - Argument : ErrorCodevalue: null
2025-05-23 14:27:41,614 [INFO] Argument:335 - Argument : ErrorCodevalue: null
2025-05-23 14:27:41,614 [INFO] Argument:325 - Argument : DmaBaseAddressvalue: null
2025-05-23 14:27:41,614 [INFO] Argument:335 - Argument : DmaBaseAddressvalue: null
2025-05-23 14:27:41,614 [INFO] Argument:325 - Argument : ChannelIndexvalue: null
2025-05-23 14:27:41,614 [INFO] Argument:335 - Argument : ChannelIndexvalue: null
2025-05-23 14:27:41,614 [INFO] Argument:325 - Argument : hdmavalue: null
2025-05-23 14:27:41,614 [INFO] Argument:327 - 	 sub Args: 
2025-05-23 14:27:41,614 [INFO] Argument:325 - Argument : Instancevalue: DMA1_Channel1
2025-05-23 14:27:41,614 [INFO] Argument:335 - Argument : Instancevalue: DMA1_Channel1
2025-05-23 14:27:41,614 [INFO] Argument:325 - Argument : Initvalue: null
2025-05-23 14:27:41,614 [INFO] Argument:327 - 	 sub Args: 
2025-05-23 14:27:41,614 [INFO] Argument:325 - Argument : Requestvalue: DMA_REQUEST_0
2025-05-23 14:27:41,614 [INFO] Argument:335 - Argument : Requestvalue: DMA_REQUEST_0
2025-05-23 14:27:41,614 [INFO] Argument:325 - Argument : Directionvalue: DMA_PERIPH_TO_MEMORY
2025-05-23 14:27:41,614 [INFO] Argument:335 - Argument : Directionvalue: DMA_PERIPH_TO_MEMORY
2025-05-23 14:27:41,614 [INFO] Argument:325 - Argument : PeriphIncvalue: DMA_PINC_DISABLE
2025-05-23 14:27:41,614 [INFO] Argument:335 - Argument : PeriphIncvalue: DMA_PINC_DISABLE
2025-05-23 14:27:41,615 [INFO] Argument:325 - Argument : MemIncvalue: DMA_MINC_ENABLE
2025-05-23 14:27:41,615 [INFO] Argument:335 - Argument : MemIncvalue: DMA_MINC_ENABLE
2025-05-23 14:27:41,615 [INFO] Argument:325 - Argument : PeriphDataAlignmentvalue: DMA_PDATAALIGN_HALFWORD
2025-05-23 14:27:41,615 [INFO] Argument:335 - Argument : PeriphDataAlignmentvalue: DMA_PDATAALIGN_HALFWORD
2025-05-23 14:27:41,615 [INFO] Argument:325 - Argument : MemDataAlignmentvalue: DMA_MDATAALIGN_HALFWORD
2025-05-23 14:27:41,615 [INFO] Argument:335 - Argument : MemDataAlignmentvalue: DMA_MDATAALIGN_HALFWORD
2025-05-23 14:27:41,615 [INFO] Argument:325 - Argument : Modevalue: DMA_NORMAL
2025-05-23 14:27:41,615 [INFO] Argument:335 - Argument : Modevalue: DMA_NORMAL
2025-05-23 14:27:41,615 [INFO] Argument:325 - Argument : Priorityvalue: DMA_PRIORITY_LOW
2025-05-23 14:27:41,615 [INFO] Argument:335 - Argument : Priorityvalue: DMA_PRIORITY_LOW
2025-05-23 14:27:41,615 [INFO] Argument:325 - Argument : Lockvalue: null
2025-05-23 14:27:41,615 [INFO] Argument:335 - Argument : Lockvalue: null
2025-05-23 14:27:41,615 [INFO] Argument:325 - Argument : Statevalue: null
2025-05-23 14:27:41,615 [INFO] Argument:335 - Argument : Statevalue: null
2025-05-23 14:27:41,615 [INFO] Argument:325 - Argument : Parentvalue: null
2025-05-23 14:27:41,615 [INFO] Argument:335 - Argument : Parentvalue: null
2025-05-23 14:27:41,615 [INFO] Argument:325 - Argument : XferCpltCallbackvalue: null
2025-05-23 14:27:41,615 [INFO] Argument:335 - Argument : XferCpltCallbackvalue: null
2025-05-23 14:27:41,615 [INFO] Argument:325 - Argument : XferHalfCpltCallbackvalue: null
2025-05-23 14:27:41,615 [INFO] Argument:335 - Argument : XferHalfCpltCallbackvalue: null
2025-05-23 14:27:41,615 [INFO] Argument:325 - Argument : XferErrorCallbackvalue: null
2025-05-23 14:27:41,615 [INFO] Argument:335 - Argument : XferErrorCallbackvalue: null
2025-05-23 14:27:41,615 [INFO] Argument:325 - Argument : XferAbortCallbackvalue: null
2025-05-23 14:27:41,615 [INFO] Argument:335 - Argument : XferAbortCallbackvalue: null
2025-05-23 14:27:41,615 [INFO] Argument:325 - Argument : ErrorCodevalue: null
2025-05-23 14:27:41,615 [INFO] Argument:335 - Argument : ErrorCodevalue: null
2025-05-23 14:27:41,615 [INFO] Argument:325 - Argument : DmaBaseAddressvalue: null
2025-05-23 14:27:41,615 [INFO] Argument:335 - Argument : DmaBaseAddressvalue: null
2025-05-23 14:27:41,615 [INFO] Argument:325 - Argument : ChannelIndexvalue: null
2025-05-23 14:27:41,616 [INFO] Argument:335 - Argument : ChannelIndexvalue: null
2025-05-23 14:27:41,616 [INFO] Argument:325 - Argument : pSyncConfigvalue: null
2025-05-23 14:27:41,616 [INFO] Argument:327 - 	 sub Args: 
2025-05-23 14:27:41,616 [INFO] Argument:325 - Argument : SyncSignalIDvalue: null
2025-05-23 14:27:41,616 [INFO] Argument:335 - Argument : SyncSignalIDvalue: null
2025-05-23 14:27:41,616 [INFO] Argument:325 - Argument : SyncPolarityvalue: null
2025-05-23 14:27:41,616 [INFO] Argument:335 - Argument : SyncPolarityvalue: null
2025-05-23 14:27:41,616 [INFO] Argument:325 - Argument : SyncEnablevalue: null
2025-05-23 14:27:41,616 [INFO] Argument:335 - Argument : SyncEnablevalue: null
2025-05-23 14:27:41,616 [INFO] Argument:325 - Argument : EventEnablevalue: null
2025-05-23 14:27:41,616 [INFO] Argument:335 - Argument : EventEnablevalue: null
2025-05-23 14:27:41,616 [INFO] Argument:325 - Argument : RequestNumbervalue: null
2025-05-23 14:27:41,616 [INFO] Argument:335 - Argument : RequestNumbervalue: null
2025-05-23 14:27:41,761 [INFO] CodeEngine:263 - oldGeneratedFile, C:\Users\yttey\Desktop\TRC3500_Project3\Project3\MXTmpFiles\license.tmp_save
2025-05-23 14:27:41,889 [INFO] CodeEngine:287 - Generated code: C:\Users\yttey\Desktop\TRC3500_Project3\Project3\MXTmpFiles\license.tmp
2025-05-23 14:27:41,952 [INFO] CodeEngine:263 - oldGeneratedFile, C:\Users\yttey\Desktop\TRC3500_Project3\Project3\MXTmpFiles\gpio.tmp_save
2025-05-23 14:27:42,056 [INFO] CodeEngine:287 - Generated code: C:\Users\yttey\Desktop\TRC3500_Project3\Project3\MXTmpFiles\gpio.tmp
2025-05-23 14:27:42,315 [INFO] CodeEngine:263 - oldGeneratedFile, C:\Users\yttey\Desktop\TRC3500_Project3\Project3\MXTmpFiles\dma.tmp_save
2025-05-23 14:27:42,419 [INFO] CodeEngine:287 - Generated code: C:\Users\yttey\Desktop\TRC3500_Project3\Project3\MXTmpFiles\dma.tmp
2025-05-23 14:27:42,425 [INFO] CodeEngine:263 - oldGeneratedFile, C:\Users\yttey\Desktop\TRC3500_Project3\Project3\MXTmpFiles\dma_GV.tmp_save
2025-05-23 14:27:42,532 [INFO] CodeEngine:287 - Generated code: C:\Users\yttey\Desktop\TRC3500_Project3\Project3\MXTmpFiles\dma_GV.tmp
2025-05-23 14:27:42,575 [INFO] CodeEngine:263 - oldGeneratedFile, C:\Users\yttey\Desktop\TRC3500_Project3\Project3\Core\Src\stm32l4xx_it.c_save
2025-05-23 14:27:42,715 [INFO] CodeEngine:287 - Generated code: C:\Users\yttey\Desktop\TRC3500_Project3\Project3\Core\Src\stm32l4xx_it.c
2025-05-23 14:27:42,724 [INFO] CodeEngine:263 - oldGeneratedFile, C:\Users\yttey\Desktop\TRC3500_Project3\Project3\Core\Inc\stm32l4xx_it.h_save
2025-05-23 14:27:42,828 [INFO] CodeEngine:287 - Generated code: C:\Users\yttey\Desktop\TRC3500_Project3\Project3\Core\Inc\stm32l4xx_it.h
2025-05-23 14:27:42,849 [INFO] CodeEngine:263 - oldGeneratedFile, C:\Users\yttey\Desktop\TRC3500_Project3\Project3\Core\Src\stm32l4xx_hal_msp.c_save
2025-05-23 14:27:43,019 [INFO] CodeEngine:287 - Generated code: C:\Users\yttey\Desktop\TRC3500_Project3\Project3\Core\Src\stm32l4xx_hal_msp.c
2025-05-23 14:27:43,028 [INFO] CodeEngine:263 - oldGeneratedFile, C:\Users\yttey\Desktop\TRC3500_Project3\Project3\MXTmpFiles\system.tmp_save
2025-05-23 14:27:43,130 [INFO] CodeEngine:287 - Generated code: C:\Users\yttey\Desktop\TRC3500_Project3\Project3\MXTmpFiles\system.tmp
2025-05-23 14:27:43,148 [INFO] CodeEngine:319 - oldGeneratedFile, C:\Users\yttey\Desktop\TRC3500_Project3\Project3\Core\Inc\stm32l4xx_hal_conf.h_save
2025-05-23 14:27:43,258 [INFO] CodeEngine:343 - Generated code: C:\Users\yttey\Desktop\TRC3500_Project3\Project3\Core\Inc\stm32l4xx_hal_conf.h
2025-05-23 14:27:43,284 [WARN] IPConfigManager:3790 - IP not found : TIM
2025-05-23 14:27:43,285 [WARN] CodeGenerator:4198 - IP not found : null
2025-05-23 14:27:43,298 [INFO] CodeEngine:263 - oldGeneratedFile, C:\Users\yttey\Desktop\TRC3500_Project3\Project3\Core\Inc\main.h_save
2025-05-23 14:27:43,408 [INFO] CodeEngine:287 - Generated code: C:\Users\yttey\Desktop\TRC3500_Project3\Project3\Core\Inc\main.h
2025-05-23 14:27:43,417 [INFO] CodeEngine:263 - oldGeneratedFile, C:\Users\yttey\Desktop\TRC3500_Project3\Project3\Core\Src\main.c_save
2025-05-23 14:27:43,596 [INFO] CodeEngine:287 - Generated code: C:\Users\yttey\Desktop\TRC3500_Project3\Project3\Core\Src\main.c
2025-05-23 14:27:44,266 [INFO] ProjectBuilder:3324 - Time for Copy HAL[1] : 293mS.
2025-05-23 14:27:44,275 [INFO] ProjectBuilder:4912 - Project Generator version: 4.6.0.1-B1
2025-05-23 14:27:44,422 [INFO] ConfigFileManager:1590 - The Die is : DIE435
2025-05-23 14:27:45,755 [INFO] ProjectBuilder:5191 - Time for Generating toolchain IDE Files: 1480mS.
2025-05-23 14:27:45,756 [INFO] ProjectBuilder:3181 - Time for Copy CMSIS : 1mS.
2025-05-23 14:27:45,761 [INFO] ProjectBuilder:3181 - Time for Copy CMSIS : 0mS.
2025-05-23 14:37:10,726 [INFO] NvicIntPanel:101 - NVIC parent = com.st.microxplorer.plugins.ip.nvic.MultiNvicIntPanel[,0,0,0x0,invalid,layout=javax.swing.BoxLayout,alignmentX=0.0,alignmentY=0.0,border=,flags=9,maximumSize=,minimumSize=,preferredSize=]
2025-05-23 14:37:12,002 [INFO] UtilMem:75 - End SaveConfig() Used Memory: 672416288 Bytes (1073741824)
2025-05-23 14:37:13,369 [INFO] UtilMem:75 - End SaveConfig() Used Memory: 688671264 Bytes (1073741824)
2025-05-23 14:37:14,267 [INFO] UtilMem:75 - End SaveConfig() Used Memory: 758399520 Bytes (1073741824)
2025-05-23 14:37:14,667 [INFO] BlockDiagram:2775 - set Specific Code input for plugin: NVIC
2025-05-23 14:37:14,668 [INFO] BlockDiagram:2775 - set Specific Code input for plugin: USART
2025-05-23 14:37:14,668 [INFO] BlockDiagram:2775 - set Specific Code input for plugin: DMA
2025-05-23 14:37:14,668 [INFO] BlockDiagram:2775 - set Specific Code input for plugin: TIM1_8L4
2025-05-23 14:37:14,668 [INFO] BlockDiagram:2775 - set Specific Code input for plugin: SYS
2025-05-23 14:37:14,668 [INFO] BlockDiagram:2775 - set Specific Code input for plugin: GPIO
2025-05-23 14:37:14,668 [INFO] BlockDiagram:2775 - set Specific Code input for plugin: ADC
2025-05-23 14:37:14,668 [INFO] BlockDiagram:2775 - set Specific Code input for plugin: RCC
2025-05-23 14:37:14,670 [INFO] CodeGenerator:882 - code generatio: config db path: C:\ST\STM32CubeIDE_1.18.0\STM32CubeIDE\plugins\com.st.stm32cube.common.mx_6.14.1.202504091515\\db\
2025-05-23 14:37:14,680 [INFO] Argument:325 - Argument : hdmavalue: null
2025-05-23 14:37:14,680 [INFO] Argument:327 - 	 sub Args: 
2025-05-23 14:37:14,680 [INFO] Argument:325 - Argument : Instancevalue: DMA1_Channel1
2025-05-23 14:37:14,680 [INFO] Argument:335 - Argument : Instancevalue: DMA1_Channel1
2025-05-23 14:37:14,680 [INFO] Argument:325 - Argument : Initvalue: null
2025-05-23 14:37:14,681 [INFO] Argument:327 - 	 sub Args: 
2025-05-23 14:37:14,681 [INFO] Argument:325 - Argument : Requestvalue: DMA_REQUEST_0
2025-05-23 14:37:14,681 [INFO] Argument:335 - Argument : Requestvalue: DMA_REQUEST_0
2025-05-23 14:37:14,681 [INFO] Argument:325 - Argument : Directionvalue: DMA_PERIPH_TO_MEMORY
2025-05-23 14:37:14,681 [INFO] Argument:335 - Argument : Directionvalue: DMA_PERIPH_TO_MEMORY
2025-05-23 14:37:14,681 [INFO] Argument:325 - Argument : PeriphIncvalue: DMA_PINC_DISABLE
2025-05-23 14:37:14,681 [INFO] Argument:335 - Argument : PeriphIncvalue: DMA_PINC_DISABLE
2025-05-23 14:37:14,681 [INFO] Argument:325 - Argument : MemIncvalue: DMA_MINC_ENABLE
2025-05-23 14:37:14,681 [INFO] Argument:335 - Argument : MemIncvalue: DMA_MINC_ENABLE
2025-05-23 14:37:14,681 [INFO] Argument:325 - Argument : PeriphDataAlignmentvalue: DMA_PDATAALIGN_HALFWORD
2025-05-23 14:37:14,681 [INFO] Argument:335 - Argument : PeriphDataAlignmentvalue: DMA_PDATAALIGN_HALFWORD
2025-05-23 14:37:14,681 [INFO] Argument:325 - Argument : MemDataAlignmentvalue: DMA_MDATAALIGN_HALFWORD
2025-05-23 14:37:14,681 [INFO] Argument:335 - Argument : MemDataAlignmentvalue: DMA_MDATAALIGN_HALFWORD
2025-05-23 14:37:14,681 [INFO] Argument:325 - Argument : Modevalue: DMA_NORMAL
2025-05-23 14:37:14,681 [INFO] Argument:335 - Argument : Modevalue: DMA_NORMAL
2025-05-23 14:37:14,681 [INFO] Argument:325 - Argument : Priorityvalue: DMA_PRIORITY_LOW
2025-05-23 14:37:14,681 [INFO] Argument:335 - Argument : Priorityvalue: DMA_PRIORITY_LOW
2025-05-23 14:37:14,681 [INFO] Argument:325 - Argument : Lockvalue: null
2025-05-23 14:37:14,682 [INFO] Argument:335 - Argument : Lockvalue: null
2025-05-23 14:37:14,682 [INFO] Argument:325 - Argument : Statevalue: null
2025-05-23 14:37:14,682 [INFO] Argument:335 - Argument : Statevalue: null
2025-05-23 14:37:14,682 [INFO] Argument:325 - Argument : Parentvalue: null
2025-05-23 14:37:14,682 [INFO] Argument:335 - Argument : Parentvalue: null
2025-05-23 14:37:14,682 [INFO] Argument:325 - Argument : XferCpltCallbackvalue: null
2025-05-23 14:37:14,682 [INFO] Argument:335 - Argument : XferCpltCallbackvalue: null
2025-05-23 14:37:14,682 [INFO] Argument:325 - Argument : XferHalfCpltCallbackvalue: null
2025-05-23 14:37:14,682 [INFO] Argument:335 - Argument : XferHalfCpltCallbackvalue: null
2025-05-23 14:37:14,682 [INFO] Argument:325 - Argument : XferErrorCallbackvalue: null
2025-05-23 14:37:14,682 [INFO] Argument:335 - Argument : XferErrorCallbackvalue: null
2025-05-23 14:37:14,682 [INFO] Argument:325 - Argument : XferAbortCallbackvalue: null
2025-05-23 14:37:14,682 [INFO] Argument:335 - Argument : XferAbortCallbackvalue: null
2025-05-23 14:37:14,682 [INFO] Argument:325 - Argument : ErrorCodevalue: null
2025-05-23 14:37:14,682 [INFO] Argument:335 - Argument : ErrorCodevalue: null
2025-05-23 14:37:14,683 [INFO] Argument:325 - Argument : DmaBaseAddressvalue: null
2025-05-23 14:37:14,683 [INFO] Argument:335 - Argument : DmaBaseAddressvalue: null
2025-05-23 14:37:14,683 [INFO] Argument:325 - Argument : ChannelIndexvalue: null
2025-05-23 14:37:14,683 [INFO] Argument:335 - Argument : ChannelIndexvalue: null
2025-05-23 14:37:14,683 [INFO] Argument:325 - Argument : hdmavalue: null
2025-05-23 14:37:14,683 [INFO] Argument:327 - 	 sub Args: 
2025-05-23 14:37:14,683 [INFO] Argument:325 - Argument : Instancevalue: DMA1_Channel1
2025-05-23 14:37:14,683 [INFO] Argument:335 - Argument : Instancevalue: DMA1_Channel1
2025-05-23 14:37:14,683 [INFO] Argument:325 - Argument : Initvalue: null
2025-05-23 14:37:14,683 [INFO] Argument:327 - 	 sub Args: 
2025-05-23 14:37:14,683 [INFO] Argument:325 - Argument : Requestvalue: DMA_REQUEST_0
2025-05-23 14:37:14,683 [INFO] Argument:335 - Argument : Requestvalue: DMA_REQUEST_0
2025-05-23 14:37:14,683 [INFO] Argument:325 - Argument : Directionvalue: DMA_PERIPH_TO_MEMORY
2025-05-23 14:37:14,683 [INFO] Argument:335 - Argument : Directionvalue: DMA_PERIPH_TO_MEMORY
2025-05-23 14:37:14,683 [INFO] Argument:325 - Argument : PeriphIncvalue: DMA_PINC_DISABLE
2025-05-23 14:37:14,683 [INFO] Argument:335 - Argument : PeriphIncvalue: DMA_PINC_DISABLE
2025-05-23 14:37:14,683 [INFO] Argument:325 - Argument : MemIncvalue: DMA_MINC_ENABLE
2025-05-23 14:37:14,683 [INFO] Argument:335 - Argument : MemIncvalue: DMA_MINC_ENABLE
2025-05-23 14:37:14,683 [INFO] Argument:325 - Argument : PeriphDataAlignmentvalue: DMA_PDATAALIGN_HALFWORD
2025-05-23 14:37:14,683 [INFO] Argument:335 - Argument : PeriphDataAlignmentvalue: DMA_PDATAALIGN_HALFWORD
2025-05-23 14:37:14,683 [INFO] Argument:325 - Argument : MemDataAlignmentvalue: DMA_MDATAALIGN_HALFWORD
2025-05-23 14:37:14,683 [INFO] Argument:335 - Argument : MemDataAlignmentvalue: DMA_MDATAALIGN_HALFWORD
2025-05-23 14:37:14,683 [INFO] Argument:325 - Argument : Modevalue: DMA_NORMAL
2025-05-23 14:37:14,683 [INFO] Argument:335 - Argument : Modevalue: DMA_NORMAL
2025-05-23 14:37:14,683 [INFO] Argument:325 - Argument : Priorityvalue: DMA_PRIORITY_LOW
2025-05-23 14:37:14,683 [INFO] Argument:335 - Argument : Priorityvalue: DMA_PRIORITY_LOW
2025-05-23 14:37:14,683 [INFO] Argument:325 - Argument : Lockvalue: null
2025-05-23 14:37:14,683 [INFO] Argument:335 - Argument : Lockvalue: null
2025-05-23 14:37:14,683 [INFO] Argument:325 - Argument : Statevalue: null
2025-05-23 14:37:14,685 [INFO] Argument:335 - Argument : Statevalue: null
2025-05-23 14:37:14,685 [INFO] Argument:325 - Argument : Parentvalue: null
2025-05-23 14:37:14,685 [INFO] Argument:335 - Argument : Parentvalue: null
2025-05-23 14:37:14,685 [INFO] Argument:325 - Argument : XferCpltCallbackvalue: null
2025-05-23 14:37:14,685 [INFO] Argument:335 - Argument : XferCpltCallbackvalue: null
2025-05-23 14:37:14,685 [INFO] Argument:325 - Argument : XferHalfCpltCallbackvalue: null
2025-05-23 14:37:14,685 [INFO] Argument:335 - Argument : XferHalfCpltCallbackvalue: null
2025-05-23 14:37:14,685 [INFO] Argument:325 - Argument : XferErrorCallbackvalue: null
2025-05-23 14:37:14,685 [INFO] Argument:335 - Argument : XferErrorCallbackvalue: null
2025-05-23 14:37:14,685 [INFO] Argument:325 - Argument : XferAbortCallbackvalue: null
2025-05-23 14:37:14,685 [INFO] Argument:335 - Argument : XferAbortCallbackvalue: null
2025-05-23 14:37:14,685 [INFO] Argument:325 - Argument : ErrorCodevalue: null
2025-05-23 14:37:14,685 [INFO] Argument:335 - Argument : ErrorCodevalue: null
2025-05-23 14:37:14,685 [INFO] Argument:325 - Argument : DmaBaseAddressvalue: null
2025-05-23 14:37:14,685 [INFO] Argument:335 - Argument : DmaBaseAddressvalue: null
2025-05-23 14:37:14,685 [INFO] Argument:325 - Argument : ChannelIndexvalue: null
2025-05-23 14:37:14,685 [INFO] Argument:335 - Argument : ChannelIndexvalue: null
2025-05-23 14:37:14,685 [INFO] Argument:325 - Argument : pSyncConfigvalue: null
2025-05-23 14:37:14,685 [INFO] Argument:327 - 	 sub Args: 
2025-05-23 14:37:14,685 [INFO] Argument:325 - Argument : SyncSignalIDvalue: null
2025-05-23 14:37:14,685 [INFO] Argument:335 - Argument : SyncSignalIDvalue: null
2025-05-23 14:37:14,685 [INFO] Argument:325 - Argument : SyncPolarityvalue: null
2025-05-23 14:37:14,685 [INFO] Argument:335 - Argument : SyncPolarityvalue: null
2025-05-23 14:37:14,685 [INFO] Argument:325 - Argument : SyncEnablevalue: null
2025-05-23 14:37:14,685 [INFO] Argument:335 - Argument : SyncEnablevalue: null
2025-05-23 14:37:14,685 [INFO] Argument:325 - Argument : EventEnablevalue: null
2025-05-23 14:37:14,686 [INFO] Argument:335 - Argument : EventEnablevalue: null
2025-05-23 14:37:14,686 [INFO] Argument:325 - Argument : RequestNumbervalue: null
2025-05-23 14:37:14,686 [INFO] Argument:335 - Argument : RequestNumbervalue: null
2025-05-23 14:37:14,801 [INFO] CodeEngine:263 - oldGeneratedFile, C:\Users\yttey\Desktop\TRC3500_Project3\Project3\MXTmpFiles\license.tmp_save
2025-05-23 14:37:14,906 [INFO] CodeEngine:287 - Generated code: C:\Users\yttey\Desktop\TRC3500_Project3\Project3\MXTmpFiles\license.tmp
2025-05-23 14:37:14,945 [INFO] CodeEngine:263 - oldGeneratedFile, C:\Users\yttey\Desktop\TRC3500_Project3\Project3\MXTmpFiles\gpio.tmp_save
2025-05-23 14:37:15,062 [INFO] CodeEngine:287 - Generated code: C:\Users\yttey\Desktop\TRC3500_Project3\Project3\MXTmpFiles\gpio.tmp
2025-05-23 14:37:15,308 [INFO] CodeEngine:263 - oldGeneratedFile, C:\Users\yttey\Desktop\TRC3500_Project3\Project3\MXTmpFiles\dma.tmp_save
2025-05-23 14:37:15,422 [INFO] CodeEngine:287 - Generated code: C:\Users\yttey\Desktop\TRC3500_Project3\Project3\MXTmpFiles\dma.tmp
2025-05-23 14:37:15,427 [INFO] CodeEngine:263 - oldGeneratedFile, C:\Users\yttey\Desktop\TRC3500_Project3\Project3\MXTmpFiles\dma_GV.tmp_save
2025-05-23 14:37:15,544 [INFO] CodeEngine:287 - Generated code: C:\Users\yttey\Desktop\TRC3500_Project3\Project3\MXTmpFiles\dma_GV.tmp
2025-05-23 14:37:15,565 [INFO] CodeEngine:263 - oldGeneratedFile, C:\Users\yttey\Desktop\TRC3500_Project3\Project3\Core\Src\stm32l4xx_it.c_save
2025-05-23 14:37:15,684 [INFO] CodeEngine:287 - Generated code: C:\Users\yttey\Desktop\TRC3500_Project3\Project3\Core\Src\stm32l4xx_it.c
2025-05-23 14:37:15,693 [INFO] CodeEngine:263 - oldGeneratedFile, C:\Users\yttey\Desktop\TRC3500_Project3\Project3\Core\Inc\stm32l4xx_it.h_save
2025-05-23 14:37:15,797 [INFO] CodeEngine:287 - Generated code: C:\Users\yttey\Desktop\TRC3500_Project3\Project3\Core\Inc\stm32l4xx_it.h
2025-05-23 14:37:15,821 [INFO] CodeEngine:263 - oldGeneratedFile, C:\Users\yttey\Desktop\TRC3500_Project3\Project3\Core\Src\stm32l4xx_hal_msp.c_save
2025-05-23 14:37:15,980 [INFO] CodeEngine:287 - Generated code: C:\Users\yttey\Desktop\TRC3500_Project3\Project3\Core\Src\stm32l4xx_hal_msp.c
2025-05-23 14:37:15,987 [INFO] CodeEngine:263 - oldGeneratedFile, C:\Users\yttey\Desktop\TRC3500_Project3\Project3\MXTmpFiles\system.tmp_save
2025-05-23 14:37:16,098 [INFO] CodeEngine:287 - Generated code: C:\Users\yttey\Desktop\TRC3500_Project3\Project3\MXTmpFiles\system.tmp
2025-05-23 14:37:16,115 [INFO] CodeEngine:319 - oldGeneratedFile, C:\Users\yttey\Desktop\TRC3500_Project3\Project3\Core\Inc\stm32l4xx_hal_conf.h_save
2025-05-23 14:37:16,224 [INFO] CodeEngine:343 - Generated code: C:\Users\yttey\Desktop\TRC3500_Project3\Project3\Core\Inc\stm32l4xx_hal_conf.h
2025-05-23 14:37:16,251 [WARN] IPConfigManager:3790 - IP not found : TIM
2025-05-23 14:37:16,251 [WARN] CodeGenerator:4198 - IP not found : null
2025-05-23 14:37:16,263 [INFO] CodeEngine:263 - oldGeneratedFile, C:\Users\yttey\Desktop\TRC3500_Project3\Project3\Core\Inc\main.h_save
2025-05-23 14:37:16,372 [INFO] CodeEngine:287 - Generated code: C:\Users\yttey\Desktop\TRC3500_Project3\Project3\Core\Inc\main.h
2025-05-23 14:37:16,383 [INFO] CodeEngine:263 - oldGeneratedFile, C:\Users\yttey\Desktop\TRC3500_Project3\Project3\Core\Src\main.c_save
2025-05-23 14:37:16,614 [INFO] CodeEngine:287 - Generated code: C:\Users\yttey\Desktop\TRC3500_Project3\Project3\Core\Src\main.c
2025-05-23 14:37:17,267 [INFO] ProjectBuilder:3324 - Time for Copy HAL[1] : 285mS.
2025-05-23 14:37:17,274 [INFO] ProjectBuilder:4912 - Project Generator version: 4.6.0.1-B1
2025-05-23 14:37:17,395 [INFO] ConfigFileManager:1590 - The Die is : DIE435
2025-05-23 14:37:18,446 [INFO] ProjectBuilder:5191 - Time for Generating toolchain IDE Files: 1172mS.
2025-05-23 14:37:18,448 [INFO] ProjectBuilder:3181 - Time for Copy CMSIS : 0mS.
2025-05-23 14:37:18,451 [INFO] ProjectBuilder:3181 - Time for Copy CMSIS : 0mS.
2025-05-23 15:13:52,452 [INFO] WebApp:194 - Connection lost
2025-05-23 15:13:55,287 [INFO] WebApp:191 - Connection restablished
2025-05-23 15:21:09,523 [INFO] WebApp:194 - Connection lost
2025-05-23 15:21:09,723 [INFO] WebApp:191 - Connection restablished
2025-05-23 17:22:11,404 [INFO] ADCParametersView:116 -                Rank 1 : false
2025-05-23 17:22:11,404 [INFO] ADCParametersView:116 -                Rank 2 : false
2025-05-23 17:22:11,404 [INFO] ADCParametersView:116 -                Rank 3 : false
2025-05-23 17:22:11,404 [INFO] ADCParametersView:116 -                Rank 1 : false
2025-05-23 17:22:11,404 [INFO] ADCParametersView:116 -                Rank 2 : false
2025-05-23 17:22:11,404 [INFO] ADCParametersView:116 -                Rank 3 : false
2025-05-23 17:22:11,404 [INFO] ADCParametersView:116 -                Rank 1 : false
2025-05-23 17:22:11,404 [INFO] ADCParametersView:116 -                Rank 2 : false
2025-05-23 17:22:11,404 [INFO] ADCParametersView:116 -                Rank 3 : false
2025-05-23 17:22:11,404 [INFO] ADCParametersView:116 -                Rank 1 : false
2025-05-23 17:22:11,404 [INFO] ADCParametersView:116 -                Rank 2 : false
2025-05-23 17:22:11,404 [INFO] ADCParametersView:116 -                Rank 3 : false
2025-05-23 17:22:11,404 [INFO] ADCParametersView:116 -                Rank 1 : false
2025-05-23 17:22:11,405 [INFO] ADCParametersView:116 -                Rank 2 : false
2025-05-23 17:22:11,405 [INFO] ADCParametersView:116 -                Rank 3 : false
2025-05-23 17:22:11,405 [INFO] ADCParametersView:116 -                Rank 1 : false
2025-05-23 17:22:11,405 [INFO] ADCParametersView:116 -                Rank 2 : false
2025-05-23 17:22:11,405 [INFO] ADCParametersView:116 -                Rank 3 : false
2025-05-23 17:22:11,405 [INFO] ADCParametersView:116 -                Rank 1 : false
2025-05-23 17:22:11,405 [INFO] ADCParametersView:116 -                Rank 2 : false
2025-05-23 17:22:11,405 [INFO] ADCParametersView:116 -                Rank 3 : false
2025-05-23 17:22:11,405 [INFO] ADCParametersView:116 -                Rank 1 : false
2025-05-23 17:22:11,405 [INFO] ADCParametersView:116 -                Rank 2 : false
2025-05-23 17:22:11,405 [INFO] ADCParametersView:116 -                Rank 3 : false
2025-05-23 17:22:11,405 [INFO] ADCParametersView:116 -                Rank 1 : false
2025-05-23 17:22:11,405 [INFO] ADCParametersView:116 -                Rank 2 : false
2025-05-23 17:22:11,405 [INFO] ADCParametersView:116 -                Rank 3 : false
2025-05-23 17:22:11,405 [INFO] ADCParametersView:116 -                Rank 1 : false
2025-05-23 17:22:11,405 [INFO] ADCParametersView:116 -                Rank 2 : false
2025-05-23 17:22:11,405 [INFO] ADCParametersView:116 -                Rank 3 : false
2025-05-23 17:22:11,405 [INFO] ADCParametersView:116 -                Rank 1 : false
2025-05-23 17:22:11,405 [INFO] ADCParametersView:116 -                Rank 2 : false
2025-05-23 17:22:11,405 [INFO] ADCParametersView:116 -                Rank 3 : false
2025-05-23 17:22:11,405 [INFO] ADCParametersView:116 -                Rank 1 : false
2025-05-23 17:22:11,405 [INFO] ADCParametersView:116 -                Rank 2 : false
2025-05-23 17:22:11,405 [INFO] ADCParametersView:116 -                Rank 3 : false
2025-05-23 17:22:11,405 [INFO] ADCParametersView:116 -                Rank 1 : false
2025-05-23 17:22:11,405 [INFO] ADCParametersView:116 -                Rank 2 : false
2025-05-23 17:22:11,406 [INFO] ADCParametersView:116 -                Rank 3 : false
2025-05-23 17:22:11,406 [INFO] ADCParametersView:116 -                Rank 1 : false
2025-05-23 17:22:11,406 [INFO] ADCParametersView:116 -                Rank 2 : false
2025-05-23 17:22:11,406 [INFO] ADCParametersView:116 -                Rank 3 : false
2025-05-23 17:22:11,406 [INFO] ADCParametersView:116 -                Rank 1 : false
2025-05-23 17:22:11,406 [INFO] ADCParametersView:116 -                Rank 2 : false
2025-05-23 17:22:11,406 [INFO] ADCParametersView:116 -                Rank 3 : false
2025-05-23 17:22:11,406 [INFO] ADCParametersView:116 -                Rank 1 : false
2025-05-23 17:22:11,406 [INFO] ADCParametersView:116 -                Rank 2 : false
2025-05-23 17:22:11,406 [INFO] ADCParametersView:116 -                Rank 3 : false
2025-05-23 17:22:11,406 [INFO] ADCParametersView:116 -                Rank 1 : false
2025-05-23 17:22:11,406 [INFO] ADCParametersView:116 -                Rank 2 : false
2025-05-23 17:22:11,406 [INFO] ADCParametersView:116 -                Rank 3 : false
2025-05-23 17:22:11,406 [INFO] ADCParametersView:116 -                Rank 1 : false
2025-05-23 17:22:11,406 [INFO] ADCParametersView:116 -                Rank 2 : false
2025-05-23 17:22:11,406 [INFO] ADCParametersView:116 -                Rank 3 : false
2025-05-23 17:22:11,406 [INFO] ADCParametersView:116 -                Rank 1 : false
2025-05-23 17:22:11,406 [INFO] ADCParametersView:116 -                Rank 2 : false
2025-05-23 17:22:11,406 [INFO] ADCParametersView:116 -                Rank 3 : false
2025-05-23 17:22:11,406 [INFO] ADCParametersView:116 -                Rank 2 : false
2025-05-23 17:22:11,406 [INFO] ADCParametersView:116 -                Rank 3 : false
2025-05-23 17:22:11,406 [INFO] ADCParametersView:116 -                Rank 3 : false
2025-05-23 17:22:11,456 [INFO] ADCParametersView:116 -                Rank 1 : false
2025-05-23 17:22:11,456 [INFO] ADCParametersView:116 -                Rank 1 : false
2025-05-23 17:22:11,456 [INFO] ADCParametersView:116 -                Rank 2 : false
2025-05-23 17:22:11,456 [INFO] ADCParametersView:116 -                Rank 1 : false
2025-05-23 17:22:11,456 [INFO] ADCParametersView:116 -                Rank 2 : false
2025-05-23 17:22:11,456 [INFO] ADCParametersView:116 -                Rank 3 : false
2025-05-23 17:22:11,523 [INFO] ADCParametersView:116 -                Rank 1 : false
2025-05-23 17:22:11,523 [INFO] ADCParametersView:116 -                Rank 2 : false
2025-05-23 17:22:11,523 [INFO] ADCParametersView:116 -                Rank 3 : false
2025-05-23 17:22:11,523 [INFO] ADCParametersView:116 -                Rank 1 : false
2025-05-23 17:22:11,523 [INFO] ADCParametersView:116 -                Rank 2 : false
2025-05-23 17:22:11,523 [INFO] ADCParametersView:116 -                Rank 3 : false
2025-05-23 17:22:11,523 [INFO] ADCParametersView:116 -                Rank 1 : false
2025-05-23 17:22:11,523 [INFO] ADCParametersView:116 -                Rank 2 : false
2025-05-23 17:22:11,523 [INFO] ADCParametersView:116 -                Rank 3 : false
2025-05-23 17:22:11,523 [INFO] ADCParametersView:116 -                Rank 1 : false
2025-05-23 17:22:11,523 [INFO] ADCParametersView:116 -                Rank 2 : false
2025-05-23 17:22:11,523 [INFO] ADCParametersView:116 -                Rank 3 : false
2025-05-23 17:22:11,524 [INFO] ADCParametersView:116 -                Rank 1 : false
2025-05-23 17:22:11,524 [INFO] ADCParametersView:116 -                Rank 2 : false
2025-05-23 17:22:11,524 [INFO] ADCParametersView:116 -                Rank 3 : false
2025-05-23 17:22:11,524 [INFO] ADCParametersView:116 -                Rank 1 : false
2025-05-23 17:22:11,524 [INFO] ADCParametersView:116 -                Rank 2 : false
2025-05-23 17:22:11,524 [INFO] ADCParametersView:116 -                Rank 3 : false
2025-05-23 17:22:11,524 [INFO] ADCParametersView:116 -                Rank 1 : false
2025-05-23 17:22:11,524 [INFO] ADCParametersView:116 -                Rank 2 : false
2025-05-23 17:22:11,524 [INFO] ADCParametersView:116 -                Rank 3 : false
2025-05-23 17:22:11,524 [INFO] ADCParametersView:116 -                Rank 1 : false
2025-05-23 17:22:11,524 [INFO] ADCParametersView:116 -                Rank 2 : false
2025-05-23 17:22:11,524 [INFO] ADCParametersView:116 -                Rank 3 : false
2025-05-23 17:22:11,524 [INFO] ADCParametersView:116 -                Rank 1 : false
2025-05-23 17:22:11,524 [INFO] ADCParametersView:116 -                Rank 2 : false
2025-05-23 17:22:11,524 [INFO] ADCParametersView:116 -                Rank 3 : false
2025-05-23 17:22:11,524 [INFO] ADCParametersView:116 -                Rank 1 : false
2025-05-23 17:22:11,524 [INFO] ADCParametersView:116 -                Rank 2 : false
2025-05-23 17:22:11,524 [INFO] ADCParametersView:116 -                Rank 3 : false
2025-05-23 17:22:11,525 [INFO] ADCParametersView:116 -                Rank 1 : false
2025-05-23 17:22:11,525 [INFO] ADCParametersView:116 -                Rank 2 : false
2025-05-23 17:22:11,525 [INFO] ADCParametersView:116 -                Rank 3 : false
2025-05-23 17:22:11,525 [INFO] ADCParametersView:116 -                Rank 1 : false
2025-05-23 17:22:11,525 [INFO] ADCParametersView:116 -                Rank 2 : false
2025-05-23 17:22:11,525 [INFO] ADCParametersView:116 -                Rank 3 : false
2025-05-23 17:22:11,525 [INFO] ADCParametersView:116 -                Rank 1 : false
2025-05-23 17:22:11,525 [INFO] ADCParametersView:116 -                Rank 2 : false
2025-05-23 17:22:11,525 [INFO] ADCParametersView:116 -                Rank 3 : false
2025-05-23 17:22:11,525 [INFO] ADCParametersView:116 -                Rank 1 : false
2025-05-23 17:22:11,525 [INFO] ADCParametersView:116 -                Rank 2 : false
2025-05-23 17:22:11,525 [INFO] ADCParametersView:116 -                Rank 3 : false
2025-05-23 17:22:11,525 [INFO] ADCParametersView:116 -                Rank 1 : false
2025-05-23 17:22:11,525 [INFO] ADCParametersView:116 -                Rank 2 : false
2025-05-23 17:22:11,525 [INFO] ADCParametersView:116 -                Rank 3 : false
2025-05-23 17:22:11,525 [INFO] ADCParametersView:116 -                Rank 1 : false
2025-05-23 17:22:11,525 [INFO] ADCParametersView:116 -                Rank 2 : false
2025-05-23 17:22:11,525 [INFO] ADCParametersView:116 -                Rank 3 : false
2025-05-23 17:22:11,525 [INFO] ADCParametersView:116 -                Rank 1 : false
2025-05-23 17:22:11,525 [INFO] ADCParametersView:116 -                Rank 2 : false
2025-05-23 17:22:11,525 [INFO] ADCParametersView:116 -                Rank 3 : false
2025-05-23 17:22:11,525 [INFO] ADCParametersView:116 -                Rank 1 : false
2025-05-23 17:22:11,525 [INFO] ADCParametersView:116 -                Rank 2 : false
2025-05-23 17:22:11,525 [INFO] ADCParametersView:116 -                Rank 3 : false
2025-05-23 17:22:11,526 [INFO] ADCParametersView:116 -                Rank 1 : false
2025-05-23 17:22:11,526 [INFO] ADCParametersView:116 -                Rank 2 : false
2025-05-23 17:22:11,526 [INFO] ADCParametersView:116 -                Rank 3 : false
2025-05-23 17:22:11,526 [INFO] ADCParametersView:116 -                Rank 2 : false
2025-05-23 17:22:11,526 [INFO] ADCParametersView:116 -                Rank 3 : false
2025-05-23 17:22:11,526 [INFO] ADCParametersView:116 -                Rank 3 : false
2025-05-23 17:22:11,563 [INFO] ADCParametersView:116 -                Rank 1 : false
2025-05-23 17:22:11,564 [INFO] ADCParametersView:116 -                Rank 1 : false
2025-05-23 17:22:11,564 [INFO] ADCParametersView:116 -                Rank 2 : false
2025-05-23 17:22:11,564 [INFO] ADCParametersView:116 -                Rank 1 : false
2025-05-23 17:22:11,564 [INFO] ADCParametersView:116 -                Rank 2 : false
2025-05-23 17:22:11,564 [INFO] ADCParametersView:116 -                Rank 3 : false
2025-05-23 17:22:15,854 [INFO] ParamManager:896 - [Generic UI] PropertyChangeEvent: TAB_STATUS_CHANGED , "dont care", "never mind"
2025-05-23 17:22:15,879 [INFO] NvicIntPanel:101 - NVIC parent = com.st.microxplorer.plugins.ip.nvic.MultiNvicIntPanel[,0,0,0x0,invalid,layout=javax.swing.BoxLayout,alignmentX=0.0,alignmentY=0.0,border=,flags=9,maximumSize=,minimumSize=,preferredSize=]
2025-05-23 17:22:15,974 [INFO] ADCParametersView:116 -                Rank 1 : false
2025-05-23 17:22:15,974 [INFO] ADCParametersView:116 -                Rank 2 : false
2025-05-23 17:22:15,974 [INFO] ADCParametersView:116 -                Rank 3 : false
2025-05-23 17:22:15,975 [INFO] ADCParametersView:116 -                Rank 1 : false
2025-05-23 17:22:15,975 [INFO] ADCParametersView:116 -                Rank 2 : false
2025-05-23 17:22:15,975 [INFO] ADCParametersView:116 -                Rank 3 : false
2025-05-23 17:22:15,975 [INFO] ADCParametersView:116 -                Rank 1 : false
2025-05-23 17:22:15,975 [INFO] ADCParametersView:116 -                Rank 2 : false
2025-05-23 17:22:15,975 [INFO] ADCParametersView:116 -                Rank 3 : false
2025-05-23 17:22:15,975 [INFO] ADCParametersView:116 -                Rank 1 : false
2025-05-23 17:22:15,975 [INFO] ADCParametersView:116 -                Rank 2 : false
2025-05-23 17:22:15,975 [INFO] ADCParametersView:116 -                Rank 3 : false
2025-05-23 17:22:15,975 [INFO] ADCParametersView:116 -                Rank 1 : false
2025-05-23 17:22:15,975 [INFO] ADCParametersView:116 -                Rank 2 : false
2025-05-23 17:22:15,975 [INFO] ADCParametersView:116 -                Rank 3 : false
2025-05-23 17:22:15,975 [INFO] ADCParametersView:116 -                Rank 1 : false
2025-05-23 17:22:15,975 [INFO] ADCParametersView:116 -                Rank 2 : false
2025-05-23 17:22:15,975 [INFO] ADCParametersView:116 -                Rank 3 : false
2025-05-23 17:22:15,975 [INFO] ADCParametersView:116 -                Rank 1 : false
2025-05-23 17:22:15,975 [INFO] ADCParametersView:116 -                Rank 2 : false
2025-05-23 17:22:15,976 [INFO] ADCParametersView:116 -                Rank 3 : false
2025-05-23 17:22:15,976 [INFO] ADCParametersView:116 -                Rank 1 : false
2025-05-23 17:22:15,976 [INFO] ADCParametersView:116 -                Rank 2 : false
2025-05-23 17:22:15,976 [INFO] ADCParametersView:116 -                Rank 3 : false
2025-05-23 17:22:15,976 [INFO] ADCParametersView:116 -                Rank 1 : false
2025-05-23 17:22:15,976 [INFO] ADCParametersView:116 -                Rank 2 : false
2025-05-23 17:22:15,976 [INFO] ADCParametersView:116 -                Rank 3 : false
2025-05-23 17:22:15,976 [INFO] ADCParametersView:116 -                Rank 1 : false
2025-05-23 17:22:15,976 [INFO] ADCParametersView:116 -                Rank 2 : false
2025-05-23 17:22:15,976 [INFO] ADCParametersView:116 -                Rank 3 : false
2025-05-23 17:22:15,976 [INFO] ADCParametersView:116 -                Rank 1 : false
2025-05-23 17:22:15,976 [INFO] ADCParametersView:116 -                Rank 2 : false
2025-05-23 17:22:15,976 [INFO] ADCParametersView:116 -                Rank 3 : false
2025-05-23 17:22:15,976 [INFO] ADCParametersView:116 -                Rank 1 : false
2025-05-23 17:22:15,976 [INFO] ADCParametersView:116 -                Rank 2 : false
2025-05-23 17:22:15,976 [INFO] ADCParametersView:116 -                Rank 3 : false
2025-05-23 17:22:15,976 [INFO] ADCParametersView:116 -                Rank 1 : false
2025-05-23 17:22:15,976 [INFO] ADCParametersView:116 -                Rank 2 : false
2025-05-23 17:22:15,976 [INFO] ADCParametersView:116 -                Rank 3 : false
2025-05-23 17:22:15,976 [INFO] ADCParametersView:116 -                Rank 1 : false
2025-05-23 17:22:15,976 [INFO] ADCParametersView:116 -                Rank 2 : false
2025-05-23 17:22:15,976 [INFO] ADCParametersView:116 -                Rank 3 : false
2025-05-23 17:22:15,977 [INFO] ADCParametersView:116 -                Rank 1 : false
2025-05-23 17:22:15,977 [INFO] ADCParametersView:116 -                Rank 2 : false
2025-05-23 17:22:15,977 [INFO] ADCParametersView:116 -                Rank 3 : false
2025-05-23 17:22:15,977 [INFO] ADCParametersView:116 -                Rank 1 : false
2025-05-23 17:22:15,977 [INFO] ADCParametersView:116 -                Rank 2 : false
2025-05-23 17:22:15,977 [INFO] ADCParametersView:116 -                Rank 3 : false
2025-05-23 17:22:15,977 [INFO] ADCParametersView:116 -                Rank 1 : false
2025-05-23 17:22:15,977 [INFO] ADCParametersView:116 -                Rank 2 : false
2025-05-23 17:22:15,977 [INFO] ADCParametersView:116 -                Rank 3 : false
2025-05-23 17:22:15,977 [INFO] ADCParametersView:116 -                Rank 1 : false
2025-05-23 17:22:15,977 [INFO] ADCParametersView:116 -                Rank 2 : false
2025-05-23 17:22:15,977 [INFO] ADCParametersView:116 -                Rank 3 : false
2025-05-23 17:22:15,977 [INFO] ADCParametersView:116 -                Rank 1 : false
2025-05-23 17:22:15,977 [INFO] ADCParametersView:116 -                Rank 2 : false
2025-05-23 17:22:15,977 [INFO] ADCParametersView:116 -                Rank 3 : false
2025-05-23 17:22:15,977 [INFO] ADCParametersView:116 -                Rank 2 : false
2025-05-23 17:22:15,977 [INFO] ADCParametersView:116 -                Rank 3 : false
2025-05-23 17:22:15,977 [INFO] ADCParametersView:116 -                Rank 3 : false
2025-05-23 17:22:16,022 [INFO] ADCParametersView:116 -                Rank 1 : false
2025-05-23 17:22:16,023 [INFO] ADCParametersView:116 -                Rank 1 : false
2025-05-23 17:22:16,023 [INFO] ADCParametersView:116 -                Rank 2 : false
2025-05-23 17:22:16,023 [INFO] ADCParametersView:116 -                Rank 1 : false
2025-05-23 17:22:16,023 [INFO] ADCParametersView:116 -                Rank 2 : false
2025-05-23 17:22:16,023 [INFO] ADCParametersView:116 -                Rank 3 : false
2025-05-23 17:22:16,023 [INFO] ADCParametersView:116 -                Rank 1 : false
2025-05-23 17:22:16,023 [INFO] ADCParametersView:116 -                Rank 2 : false
2025-05-23 17:22:16,023 [INFO] ADCParametersView:116 -                Rank 3 : true
2025-05-23 17:22:16,084 [INFO] ADCParametersView:116 -                Rank 1 : false
2025-05-23 17:22:16,084 [INFO] ADCParametersView:116 -                Rank 2 : false
2025-05-23 17:22:16,084 [INFO] ADCParametersView:116 -                Rank 3 : true
2025-05-23 17:22:16,084 [INFO] ADCParametersView:116 -                Rank 1 : false
2025-05-23 17:22:16,084 [INFO] ADCParametersView:116 -                Rank 2 : false
2025-05-23 17:22:16,084 [INFO] ADCParametersView:116 -                Rank 3 : true
2025-05-23 17:22:16,084 [INFO] ADCParametersView:116 -                Rank 1 : false
2025-05-23 17:22:16,084 [INFO] ADCParametersView:116 -                Rank 2 : false
2025-05-23 17:22:16,085 [INFO] ADCParametersView:116 -                Rank 3 : true
2025-05-23 17:22:16,085 [INFO] ADCParametersView:116 -                Rank 1 : false
2025-05-23 17:22:16,085 [INFO] ADCParametersView:116 -                Rank 2 : false
2025-05-23 17:22:16,085 [INFO] ADCParametersView:116 -                Rank 3 : true
2025-05-23 17:22:16,085 [INFO] ADCParametersView:116 -                Rank 1 : false
2025-05-23 17:22:16,085 [INFO] ADCParametersView:116 -                Rank 2 : false
2025-05-23 17:22:16,085 [INFO] ADCParametersView:116 -                Rank 3 : true
2025-05-23 17:22:16,085 [INFO] ADCParametersView:116 -                Rank 1 : false
2025-05-23 17:22:16,085 [INFO] ADCParametersView:116 -                Rank 2 : false
2025-05-23 17:22:16,085 [INFO] ADCParametersView:116 -                Rank 3 : true
2025-05-23 17:22:16,086 [INFO] ADCParametersView:116 -                Rank 1 : false
2025-05-23 17:22:16,086 [INFO] ADCParametersView:116 -                Rank 2 : false
2025-05-23 17:22:16,086 [INFO] ADCParametersView:116 -                Rank 3 : true
2025-05-23 17:22:16,086 [INFO] ADCParametersView:116 -                Rank 1 : false
2025-05-23 17:22:16,086 [INFO] ADCParametersView:116 -                Rank 2 : false
2025-05-23 17:22:16,086 [INFO] ADCParametersView:116 -                Rank 3 : true
2025-05-23 17:22:16,086 [INFO] ADCParametersView:116 -                Rank 1 : false
2025-05-23 17:22:16,086 [INFO] ADCParametersView:116 -                Rank 2 : false
2025-05-23 17:22:16,086 [INFO] ADCParametersView:116 -                Rank 3 : true
2025-05-23 17:22:16,086 [INFO] ADCParametersView:116 -                Rank 1 : false
2025-05-23 17:22:16,086 [INFO] ADCParametersView:116 -                Rank 2 : false
2025-05-23 17:22:16,086 [INFO] ADCParametersView:116 -                Rank 3 : true
2025-05-23 17:22:16,087 [INFO] ADCParametersView:116 -                Rank 1 : false
2025-05-23 17:22:16,087 [INFO] ADCParametersView:116 -                Rank 2 : false
2025-05-23 17:22:16,087 [INFO] ADCParametersView:116 -                Rank 3 : true
2025-05-23 17:22:16,087 [INFO] ADCParametersView:116 -                Rank 1 : false
2025-05-23 17:22:16,087 [INFO] ADCParametersView:116 -                Rank 2 : false
2025-05-23 17:22:16,087 [INFO] ADCParametersView:116 -                Rank 3 : true
2025-05-23 17:22:16,087 [INFO] ADCParametersView:116 -                Rank 1 : false
2025-05-23 17:22:16,087 [INFO] ADCParametersView:116 -                Rank 2 : false
2025-05-23 17:22:16,087 [INFO] ADCParametersView:116 -                Rank 3 : true
2025-05-23 17:22:16,087 [INFO] ADCParametersView:116 -                Rank 1 : false
2025-05-23 17:22:16,087 [INFO] ADCParametersView:116 -                Rank 2 : false
2025-05-23 17:22:16,087 [INFO] ADCParametersView:116 -                Rank 3 : true
2025-05-23 17:22:16,087 [INFO] ADCParametersView:116 -                Rank 1 : false
2025-05-23 17:22:16,088 [INFO] ADCParametersView:116 -                Rank 2 : false
2025-05-23 17:22:16,088 [INFO] ADCParametersView:116 -                Rank 3 : true
2025-05-23 17:22:16,088 [INFO] ADCParametersView:116 -                Rank 1 : false
2025-05-23 17:22:16,088 [INFO] ADCParametersView:116 -                Rank 2 : false
2025-05-23 17:22:16,088 [INFO] ADCParametersView:116 -                Rank 3 : true
2025-05-23 17:22:16,088 [INFO] ADCParametersView:116 -                Rank 1 : false
2025-05-23 17:22:16,088 [INFO] ADCParametersView:116 -                Rank 2 : false
2025-05-23 17:22:16,088 [INFO] ADCParametersView:116 -                Rank 3 : true
2025-05-23 17:22:16,088 [INFO] ADCParametersView:116 -                Rank 1 : false
2025-05-23 17:22:16,088 [INFO] ADCParametersView:116 -                Rank 2 : false
2025-05-23 17:22:16,088 [INFO] ADCParametersView:116 -                Rank 3 : true
2025-05-23 17:22:16,088 [INFO] ADCParametersView:116 -                Rank 1 : false
2025-05-23 17:22:16,088 [INFO] ADCParametersView:116 -                Rank 2 : false
2025-05-23 17:22:16,089 [INFO] ADCParametersView:116 -                Rank 3 : true
2025-05-23 17:22:16,089 [INFO] ADCParametersView:116 -                Rank 2 : false
2025-05-23 17:22:16,089 [INFO] ADCParametersView:116 -                Rank 3 : true
2025-05-23 17:22:16,089 [INFO] ADCParametersView:116 -                Rank 3 : true
2025-05-23 17:22:16,142 [INFO] ADCParametersView:116 -                Rank 1 : false
2025-05-23 17:22:16,142 [INFO] ADCParametersView:116 -                Rank 1 : false
2025-05-23 17:22:16,142 [INFO] ADCParametersView:116 -                Rank 2 : false
2025-05-23 17:22:16,142 [INFO] ADCParametersView:116 -                Rank 1 : false
2025-05-23 17:22:16,142 [INFO] ADCParametersView:116 -                Rank 2 : false
2025-05-23 17:22:16,142 [INFO] ADCParametersView:116 -                Rank 3 : true
2025-05-23 17:22:16,284 [INFO] ADCParametersView:116 -                Rank 1 : false
2025-05-23 17:22:16,284 [INFO] ADCParametersView:116 -                Rank 2 : false
2025-05-23 17:22:16,284 [INFO] ADCParametersView:116 -                Rank 3 : true
2025-05-23 17:22:16,284 [INFO] ADCParametersView:116 -                Rank 1 : false
2025-05-23 17:22:16,284 [INFO] ADCParametersView:116 -                Rank 2 : false
2025-05-23 17:22:16,284 [INFO] ADCParametersView:116 -                Rank 3 : true
2025-05-23 17:22:16,284 [INFO] ADCParametersView:116 -                Rank 1 : false
2025-05-23 17:22:16,284 [INFO] ADCParametersView:116 -                Rank 2 : false
2025-05-23 17:22:16,284 [INFO] ADCParametersView:116 -                Rank 3 : true
2025-05-23 17:22:16,284 [INFO] ADCParametersView:116 -                Rank 1 : false
2025-05-23 17:22:16,284 [INFO] ADCParametersView:116 -                Rank 2 : false
2025-05-23 17:22:16,284 [INFO] ADCParametersView:116 -                Rank 3 : true
2025-05-23 17:22:16,284 [INFO] ADCParametersView:116 -                Rank 1 : false
2025-05-23 17:22:16,284 [INFO] ADCParametersView:116 -                Rank 2 : false
2025-05-23 17:22:16,284 [INFO] ADCParametersView:116 -                Rank 3 : true
2025-05-23 17:22:16,284 [INFO] ADCParametersView:116 -                Rank 1 : false
2025-05-23 17:22:16,284 [INFO] ADCParametersView:116 -                Rank 2 : false
2025-05-23 17:22:16,284 [INFO] ADCParametersView:116 -                Rank 3 : true
2025-05-23 17:22:16,284 [INFO] ADCParametersView:116 -                Rank 1 : false
2025-05-23 17:22:16,284 [INFO] ADCParametersView:116 -                Rank 2 : false
2025-05-23 17:22:16,285 [INFO] ADCParametersView:116 -                Rank 3 : true
2025-05-23 17:22:16,285 [INFO] ADCParametersView:116 -                Rank 1 : false
2025-05-23 17:22:16,285 [INFO] ADCParametersView:116 -                Rank 2 : false
2025-05-23 17:22:16,285 [INFO] ADCParametersView:116 -                Rank 3 : true
2025-05-23 17:22:16,285 [INFO] ADCParametersView:116 -                Rank 1 : false
2025-05-23 17:22:16,285 [INFO] ADCParametersView:116 -                Rank 2 : false
2025-05-23 17:22:16,285 [INFO] ADCParametersView:116 -                Rank 3 : true
2025-05-23 17:22:16,285 [INFO] ADCParametersView:116 -                Rank 1 : false
2025-05-23 17:22:16,285 [INFO] ADCParametersView:116 -                Rank 2 : false
2025-05-23 17:22:16,285 [INFO] ADCParametersView:116 -                Rank 3 : true
2025-05-23 17:22:16,285 [INFO] ADCParametersView:116 -                Rank 1 : false
2025-05-23 17:22:16,285 [INFO] ADCParametersView:116 -                Rank 2 : false
2025-05-23 17:22:16,285 [INFO] ADCParametersView:116 -                Rank 3 : true
2025-05-23 17:22:16,285 [INFO] ADCParametersView:116 -                Rank 1 : false
2025-05-23 17:22:16,285 [INFO] ADCParametersView:116 -                Rank 2 : false
2025-05-23 17:22:16,285 [INFO] ADCParametersView:116 -                Rank 3 : true
2025-05-23 17:22:16,285 [INFO] ADCParametersView:116 -                Rank 1 : false
2025-05-23 17:22:16,285 [INFO] ADCParametersView:116 -                Rank 2 : false
2025-05-23 17:22:16,285 [INFO] ADCParametersView:116 -                Rank 3 : true
2025-05-23 17:22:16,285 [INFO] ADCParametersView:116 -                Rank 1 : false
2025-05-23 17:22:16,285 [INFO] ADCParametersView:116 -                Rank 2 : false
2025-05-23 17:22:16,285 [INFO] ADCParametersView:116 -                Rank 3 : true
2025-05-23 17:22:16,285 [INFO] ADCParametersView:116 -                Rank 1 : false
2025-05-23 17:22:16,285 [INFO] ADCParametersView:116 -                Rank 2 : false
2025-05-23 17:22:16,285 [INFO] ADCParametersView:116 -                Rank 3 : true
2025-05-23 17:22:16,285 [INFO] ADCParametersView:116 -                Rank 1 : false
2025-05-23 17:22:16,285 [INFO] ADCParametersView:116 -                Rank 2 : false
2025-05-23 17:22:16,285 [INFO] ADCParametersView:116 -                Rank 3 : true
2025-05-23 17:22:16,285 [INFO] ADCParametersView:116 -                Rank 1 : false
2025-05-23 17:22:16,285 [INFO] ADCParametersView:116 -                Rank 2 : false
2025-05-23 17:22:16,285 [INFO] ADCParametersView:116 -                Rank 3 : true
2025-05-23 17:22:16,285 [INFO] ADCParametersView:116 -                Rank 1 : false
2025-05-23 17:22:16,286 [INFO] ADCParametersView:116 -                Rank 2 : false
2025-05-23 17:22:16,286 [INFO] ADCParametersView:116 -                Rank 3 : true
2025-05-23 17:22:16,286 [INFO] ADCParametersView:116 -                Rank 1 : false
2025-05-23 17:22:16,286 [INFO] ADCParametersView:116 -                Rank 2 : false
2025-05-23 17:22:16,286 [INFO] ADCParametersView:116 -                Rank 3 : true
2025-05-23 17:22:16,286 [INFO] ADCParametersView:116 -                Rank 2 : false
2025-05-23 17:22:16,286 [INFO] ADCParametersView:116 -                Rank 3 : true
2025-05-23 17:22:16,286 [INFO] ADCParametersView:116 -                Rank 3 : true
2025-05-23 17:22:16,307 [INFO] ADCParametersView:116 -                Rank 1 : false
2025-05-23 17:22:16,307 [INFO] ADCParametersView:116 -                Rank 1 : false
2025-05-23 17:22:16,307 [INFO] ADCParametersView:116 -                Rank 2 : false
2025-05-23 17:22:16,307 [INFO] ADCParametersView:116 -                Rank 1 : false
2025-05-23 17:22:16,307 [INFO] ADCParametersView:116 -                Rank 2 : false
2025-05-23 17:22:16,307 [INFO] ADCParametersView:116 -                Rank 3 : true
2025-05-23 17:22:16,339 [INFO] ADCParametersView:116 -                Rank 1 : false
2025-05-23 17:22:16,339 [INFO] ADCParametersView:116 -                Rank 2 : false
2025-05-23 17:22:16,339 [INFO] ADCParametersView:116 -                Rank 3 : true
2025-05-23 17:22:16,339 [INFO] ADCParametersView:116 -                Rank 1 : false
2025-05-23 17:22:16,340 [INFO] ADCParametersView:116 -                Rank 2 : false
2025-05-23 17:22:16,340 [INFO] ADCParametersView:116 -                Rank 3 : true
2025-05-23 17:22:16,340 [INFO] ADCParametersView:116 -                Rank 1 : false
2025-05-23 17:22:16,340 [INFO] ADCParametersView:116 -                Rank 2 : false
2025-05-23 17:22:16,340 [INFO] ADCParametersView:116 -                Rank 3 : true
2025-05-23 17:22:16,340 [INFO] ADCParametersView:116 -                Rank 1 : false
2025-05-23 17:22:16,340 [INFO] ADCParametersView:116 -                Rank 2 : false
2025-05-23 17:22:16,340 [INFO] ADCParametersView:116 -                Rank 3 : true
2025-05-23 17:22:16,340 [INFO] ADCParametersView:116 -                Rank 1 : false
2025-05-23 17:22:16,340 [INFO] ADCParametersView:116 -                Rank 2 : false
2025-05-23 17:22:16,340 [INFO] ADCParametersView:116 -                Rank 3 : true
2025-05-23 17:22:16,340 [INFO] ADCParametersView:116 -                Rank 1 : false
2025-05-23 17:22:16,340 [INFO] ADCParametersView:116 -                Rank 2 : false
2025-05-23 17:22:16,340 [INFO] ADCParametersView:116 -                Rank 3 : true
2025-05-23 17:22:16,340 [INFO] ADCParametersView:116 -                Rank 1 : false
2025-05-23 17:22:16,340 [INFO] ADCParametersView:116 -                Rank 2 : false
2025-05-23 17:22:16,340 [INFO] ADCParametersView:116 -                Rank 3 : true
2025-05-23 17:22:16,340 [INFO] ADCParametersView:116 -                Rank 1 : false
2025-05-23 17:22:16,340 [INFO] ADCParametersView:116 -                Rank 2 : false
2025-05-23 17:22:16,340 [INFO] ADCParametersView:116 -                Rank 3 : true
2025-05-23 17:22:16,340 [INFO] ADCParametersView:116 -                Rank 1 : false
2025-05-23 17:22:16,340 [INFO] ADCParametersView:116 -                Rank 2 : false
2025-05-23 17:22:16,340 [INFO] ADCParametersView:116 -                Rank 3 : true
2025-05-23 17:22:16,340 [INFO] ADCParametersView:116 -                Rank 1 : false
2025-05-23 17:22:16,340 [INFO] ADCParametersView:116 -                Rank 2 : false
2025-05-23 17:22:16,340 [INFO] ADCParametersView:116 -                Rank 3 : true
2025-05-23 17:22:16,340 [INFO] ADCParametersView:116 -                Rank 1 : false
2025-05-23 17:22:16,340 [INFO] ADCParametersView:116 -                Rank 2 : false
2025-05-23 17:22:16,340 [INFO] ADCParametersView:116 -                Rank 3 : true
2025-05-23 17:22:16,340 [INFO] ADCParametersView:116 -                Rank 1 : false
2025-05-23 17:22:16,341 [INFO] ADCParametersView:116 -                Rank 2 : false
2025-05-23 17:22:16,341 [INFO] ADCParametersView:116 -                Rank 3 : true
2025-05-23 17:22:16,341 [INFO] ADCParametersView:116 -                Rank 1 : false
2025-05-23 17:22:16,341 [INFO] ADCParametersView:116 -                Rank 2 : false
2025-05-23 17:22:16,341 [INFO] ADCParametersView:116 -                Rank 3 : true
2025-05-23 17:22:16,341 [INFO] ADCParametersView:116 -                Rank 1 : false
2025-05-23 17:22:16,341 [INFO] ADCParametersView:116 -                Rank 2 : false
2025-05-23 17:22:16,341 [INFO] ADCParametersView:116 -                Rank 3 : true
2025-05-23 17:22:16,341 [INFO] ADCParametersView:116 -                Rank 1 : false
2025-05-23 17:22:16,341 [INFO] ADCParametersView:116 -                Rank 2 : false
2025-05-23 17:22:16,341 [INFO] ADCParametersView:116 -                Rank 3 : true
2025-05-23 17:22:16,341 [INFO] ADCParametersView:116 -                Rank 1 : false
2025-05-23 17:22:16,341 [INFO] ADCParametersView:116 -                Rank 2 : false
2025-05-23 17:22:16,341 [INFO] ADCParametersView:116 -                Rank 3 : true
2025-05-23 17:22:16,341 [INFO] ADCParametersView:116 -                Rank 1 : false
2025-05-23 17:22:16,341 [INFO] ADCParametersView:116 -                Rank 2 : false
2025-05-23 17:22:16,341 [INFO] ADCParametersView:116 -                Rank 3 : true
2025-05-23 17:22:16,341 [INFO] ADCParametersView:116 -                Rank 1 : false
2025-05-23 17:22:16,341 [INFO] ADCParametersView:116 -                Rank 2 : false
2025-05-23 17:22:16,341 [INFO] ADCParametersView:116 -                Rank 3 : true
2025-05-23 17:22:16,341 [INFO] ADCParametersView:116 -                Rank 1 : false
2025-05-23 17:22:16,341 [INFO] ADCParametersView:116 -                Rank 2 : false
2025-05-23 17:22:16,341 [INFO] ADCParametersView:116 -                Rank 3 : true
2025-05-23 17:22:16,341 [INFO] ADCParametersView:116 -                Rank 2 : false
2025-05-23 17:22:16,341 [INFO] ADCParametersView:116 -                Rank 3 : true
2025-05-23 17:22:16,341 [INFO] ADCParametersView:116 -                Rank 3 : true
2025-05-23 17:22:16,361 [INFO] ADCParametersView:116 -                Rank 1 : false
2025-05-23 17:22:16,361 [INFO] ADCParametersView:116 -                Rank 1 : false
2025-05-23 17:22:16,361 [INFO] ADCParametersView:116 -                Rank 2 : false
2025-05-23 17:22:16,361 [INFO] ADCParametersView:116 -                Rank 1 : false
2025-05-23 17:22:16,361 [INFO] ADCParametersView:116 -                Rank 2 : false
2025-05-23 17:22:16,361 [INFO] ADCParametersView:116 -                Rank 3 : true
2025-05-23 17:22:30,228 [INFO] ADCParametersView:116 -                Rank 1 : false
2025-05-23 17:22:30,228 [INFO] ADCParametersView:116 -                Rank 2 : false
2025-05-23 17:22:30,228 [INFO] ADCParametersView:116 -                Rank 3 : true
2025-05-23 17:22:30,230 [INFO] ADCParametersView:116 -                Rank 1 : false
2025-05-23 17:22:30,230 [INFO] ADCParametersView:116 -                Rank 2 : false
2025-05-23 17:22:30,230 [INFO] ADCParametersView:116 -                Rank 3 : true
2025-05-23 17:22:30,230 [INFO] ADCParametersView:116 -                Rank 1 : false
2025-05-23 17:22:30,230 [INFO] ADCParametersView:116 -                Rank 2 : false
2025-05-23 17:22:30,231 [INFO] ADCParametersView:116 -                Rank 3 : true
2025-05-23 17:22:30,231 [INFO] ADCParametersView:116 -                Rank 1 : false
2025-05-23 17:22:30,231 [INFO] ADCParametersView:116 -                Rank 2 : false
2025-05-23 17:22:30,231 [INFO] ADCParametersView:116 -                Rank 3 : true
2025-05-23 17:22:30,231 [INFO] ADCParametersView:116 -                Rank 1 : false
2025-05-23 17:22:30,231 [INFO] ADCParametersView:116 -                Rank 2 : false
2025-05-23 17:22:30,231 [INFO] ADCParametersView:116 -                Rank 3 : true
2025-05-23 17:22:30,231 [INFO] ADCParametersView:116 -                Rank 1 : false
2025-05-23 17:22:30,231 [INFO] ADCParametersView:116 -                Rank 2 : false
2025-05-23 17:22:30,231 [INFO] ADCParametersView:116 -                Rank 3 : true
2025-05-23 17:22:30,231 [INFO] ADCParametersView:116 -                Rank 1 : false
2025-05-23 17:22:30,231 [INFO] ADCParametersView:116 -                Rank 2 : false
2025-05-23 17:22:30,231 [INFO] ADCParametersView:116 -                Rank 3 : true
2025-05-23 17:22:30,231 [INFO] ADCParametersView:116 -                Rank 1 : false
2025-05-23 17:22:30,231 [INFO] ADCParametersView:116 -                Rank 2 : false
2025-05-23 17:22:30,231 [INFO] ADCParametersView:116 -                Rank 3 : true
2025-05-23 17:22:30,232 [INFO] ADCParametersView:116 -                Rank 1 : false
2025-05-23 17:22:30,232 [INFO] ADCParametersView:116 -                Rank 2 : false
2025-05-23 17:22:30,232 [INFO] ADCParametersView:116 -                Rank 3 : true
2025-05-23 17:22:30,232 [INFO] ADCParametersView:116 -                Rank 1 : false
2025-05-23 17:22:30,232 [INFO] ADCParametersView:116 -                Rank 2 : false
2025-05-23 17:22:30,232 [INFO] ADCParametersView:116 -                Rank 3 : true
2025-05-23 17:22:30,232 [INFO] ADCParametersView:116 -                Rank 1 : false
2025-05-23 17:22:30,232 [INFO] ADCParametersView:116 -                Rank 2 : false
2025-05-23 17:22:30,232 [INFO] ADCParametersView:116 -                Rank 3 : true
2025-05-23 17:22:30,232 [INFO] ADCParametersView:116 -                Rank 1 : false
2025-05-23 17:22:30,232 [INFO] ADCParametersView:116 -                Rank 2 : false
2025-05-23 17:22:30,232 [INFO] ADCParametersView:116 -                Rank 3 : true
2025-05-23 17:22:30,232 [INFO] ADCParametersView:116 -                Rank 1 : false
2025-05-23 17:22:30,232 [INFO] ADCParametersView:116 -                Rank 2 : false
2025-05-23 17:22:30,232 [INFO] ADCParametersView:116 -                Rank 3 : true
2025-05-23 17:22:30,232 [INFO] ADCParametersView:116 -                Rank 1 : false
2025-05-23 17:22:30,232 [INFO] ADCParametersView:116 -                Rank 2 : false
2025-05-23 17:22:30,232 [INFO] ADCParametersView:116 -                Rank 3 : true
2025-05-23 17:22:30,233 [INFO] ADCParametersView:116 -                Rank 1 : false
2025-05-23 17:22:30,233 [INFO] ADCParametersView:116 -                Rank 2 : false
2025-05-23 17:22:30,233 [INFO] ADCParametersView:116 -                Rank 3 : true
2025-05-23 17:22:30,233 [INFO] ADCParametersView:116 -                Rank 1 : false
2025-05-23 17:22:30,233 [INFO] ADCParametersView:116 -                Rank 2 : false
2025-05-23 17:22:30,233 [INFO] ADCParametersView:116 -                Rank 3 : true
2025-05-23 17:22:30,233 [INFO] ADCParametersView:116 -                Rank 1 : false
2025-05-23 17:22:30,233 [INFO] ADCParametersView:116 -                Rank 2 : false
2025-05-23 17:22:30,233 [INFO] ADCParametersView:116 -                Rank 3 : true
2025-05-23 17:22:30,233 [INFO] ADCParametersView:116 -                Rank 1 : false
2025-05-23 17:22:30,233 [INFO] ADCParametersView:116 -                Rank 2 : false
2025-05-23 17:22:30,233 [INFO] ADCParametersView:116 -                Rank 3 : true
2025-05-23 17:22:30,233 [INFO] ADCParametersView:116 -                Rank 1 : false
2025-05-23 17:22:30,233 [INFO] ADCParametersView:116 -                Rank 2 : false
2025-05-23 17:22:30,233 [INFO] ADCParametersView:116 -                Rank 3 : true
2025-05-23 17:22:30,233 [INFO] ADCParametersView:116 -                Rank 2 : false
2025-05-23 17:22:30,233 [INFO] ADCParametersView:116 -                Rank 3 : true
2025-05-23 17:22:30,233 [INFO] ADCParametersView:116 -                Rank 3 : true
2025-05-23 17:22:30,273 [INFO] ADCParametersView:116 -                Rank 1 : false
2025-05-23 17:22:30,273 [INFO] ADCParametersView:116 -                Rank 1 : false
2025-05-23 17:22:30,273 [INFO] ADCParametersView:116 -                Rank 2 : false
2025-05-23 17:22:30,273 [INFO] ADCParametersView:116 -                Rank 1 : false
2025-05-23 17:22:30,273 [INFO] ADCParametersView:116 -                Rank 2 : false
2025-05-23 17:22:30,273 [INFO] ADCParametersView:116 -                Rank 3 : true
2025-05-23 17:22:30,309 [INFO] ADCParametersView:116 -                Rank 1 : false
2025-05-23 17:22:30,310 [INFO] ADCParametersView:116 -                Rank 2 : false
2025-05-23 17:22:30,310 [INFO] ADCParametersView:116 -                Rank 3 : false
2025-05-23 17:22:31,983 [INFO] SpinnerEditorADC:65 - is string kkkk
2025-05-23 17:22:36,738 [INFO] ParamManager:896 - [Generic UI] PropertyChangeEvent: TAB_STATUS_CHANGED , "dont care", "never mind"
2025-05-23 17:22:36,741 [INFO] ADCParametersView:116 -                Rank 1 : false
2025-05-23 17:22:36,741 [INFO] ADCParametersView:116 -                Rank 2 : false
2025-05-23 17:22:36,741 [INFO] ADCParametersView:116 -                Rank 3 : false
2025-05-23 17:22:36,741 [INFO] ADCParametersView:116 -                Rank 1 : false
2025-05-23 17:22:36,741 [INFO] ADCParametersView:116 -                Rank 2 : false
2025-05-23 17:22:36,741 [INFO] ADCParametersView:116 -                Rank 3 : true
2025-05-23 17:22:36,743 [INFO] ADCParametersView:116 -                Rank 1 : false
2025-05-23 17:22:36,743 [INFO] ADCParametersView:116 -                Rank 2 : false
2025-05-23 17:22:36,743 [INFO] ADCParametersView:116 -                Rank 3 : true
2025-05-23 17:22:36,743 [INFO] ADCParametersView:116 -                Rank 1 : false
2025-05-23 17:22:36,743 [INFO] ADCParametersView:116 -                Rank 2 : false
2025-05-23 17:22:36,743 [INFO] ADCParametersView:116 -                Rank 3 : true
2025-05-23 17:22:36,743 [INFO] ADCParametersView:116 -                Rank 1 : false
2025-05-23 17:22:36,743 [INFO] ADCParametersView:116 -                Rank 2 : false
2025-05-23 17:22:36,743 [INFO] ADCParametersView:116 -                Rank 3 : true
2025-05-23 17:22:36,743 [INFO] ADCParametersView:116 -                Rank 1 : false
2025-05-23 17:22:36,743 [INFO] ADCParametersView:116 -                Rank 2 : false
2025-05-23 17:22:36,743 [INFO] ADCParametersView:116 -                Rank 3 : true
2025-05-23 17:22:36,743 [INFO] ADCParametersView:116 -                Rank 1 : false
2025-05-23 17:22:36,743 [INFO] ADCParametersView:116 -                Rank 2 : false
2025-05-23 17:22:36,743 [INFO] ADCParametersView:116 -                Rank 3 : true
2025-05-23 17:22:36,743 [INFO] ADCParametersView:116 -                Rank 1 : false
2025-05-23 17:22:36,743 [INFO] ADCParametersView:116 -                Rank 2 : false
2025-05-23 17:22:36,743 [INFO] ADCParametersView:116 -                Rank 3 : true
2025-05-23 17:22:36,743 [INFO] ADCParametersView:116 -                Rank 1 : false
2025-05-23 17:22:36,743 [INFO] ADCParametersView:116 -                Rank 2 : false
2025-05-23 17:22:36,743 [INFO] ADCParametersView:116 -                Rank 3 : true
2025-05-23 17:22:36,744 [INFO] ADCParametersView:116 -                Rank 1 : false
2025-05-23 17:22:36,744 [INFO] ADCParametersView:116 -                Rank 2 : false
2025-05-23 17:22:36,744 [INFO] ADCParametersView:116 -                Rank 3 : true
2025-05-23 17:22:36,744 [INFO] ADCParametersView:116 -                Rank 1 : false
2025-05-23 17:22:36,744 [INFO] ADCParametersView:116 -                Rank 2 : false
2025-05-23 17:22:36,744 [INFO] ADCParametersView:116 -                Rank 3 : true
2025-05-23 17:22:36,744 [INFO] ADCParametersView:116 -                Rank 1 : false
2025-05-23 17:22:36,744 [INFO] ADCParametersView:116 -                Rank 2 : false
2025-05-23 17:22:36,744 [INFO] ADCParametersView:116 -                Rank 3 : true
2025-05-23 17:22:36,744 [INFO] ADCParametersView:116 -                Rank 1 : false
2025-05-23 17:22:36,744 [INFO] ADCParametersView:116 -                Rank 2 : false
2025-05-23 17:22:36,744 [INFO] ADCParametersView:116 -                Rank 3 : true
2025-05-23 17:22:36,744 [INFO] ADCParametersView:116 -                Rank 1 : false
2025-05-23 17:22:36,744 [INFO] ADCParametersView:116 -                Rank 2 : false
2025-05-23 17:22:36,744 [INFO] ADCParametersView:116 -                Rank 3 : true
2025-05-23 17:22:36,744 [INFO] ADCParametersView:116 -                Rank 1 : false
2025-05-23 17:22:36,744 [INFO] ADCParametersView:116 -                Rank 2 : false
2025-05-23 17:22:36,744 [INFO] ADCParametersView:116 -                Rank 3 : true
2025-05-23 17:22:36,744 [INFO] ADCParametersView:116 -                Rank 1 : false
2025-05-23 17:22:36,744 [INFO] ADCParametersView:116 -                Rank 2 : false
2025-05-23 17:22:36,744 [INFO] ADCParametersView:116 -                Rank 3 : true
2025-05-23 17:22:36,744 [INFO] ADCParametersView:116 -                Rank 1 : false
2025-05-23 17:22:36,744 [INFO] ADCParametersView:116 -                Rank 2 : false
2025-05-23 17:22:36,744 [INFO] ADCParametersView:116 -                Rank 3 : true
2025-05-23 17:22:36,744 [INFO] ADCParametersView:116 -                Rank 1 : false
2025-05-23 17:22:36,744 [INFO] ADCParametersView:116 -                Rank 2 : false
2025-05-23 17:22:36,744 [INFO] ADCParametersView:116 -                Rank 3 : true
2025-05-23 17:22:36,744 [INFO] ADCParametersView:116 -                Rank 1 : false
2025-05-23 17:22:36,744 [INFO] ADCParametersView:116 -                Rank 2 : false
2025-05-23 17:22:36,744 [INFO] ADCParametersView:116 -                Rank 3 : true
2025-05-23 17:22:36,744 [INFO] ADCParametersView:116 -                Rank 1 : false
2025-05-23 17:22:36,744 [INFO] ADCParametersView:116 -                Rank 2 : false
2025-05-23 17:22:36,744 [INFO] ADCParametersView:116 -                Rank 3 : true
2025-05-23 17:22:36,744 [INFO] ADCParametersView:116 -                Rank 2 : false
2025-05-23 17:22:36,745 [INFO] ADCParametersView:116 -                Rank 3 : true
2025-05-23 17:22:36,745 [INFO] ADCParametersView:116 -                Rank 3 : true
2025-05-23 17:22:36,752 [INFO] ADCParametersView:116 -                Rank 1 : false
2025-05-23 17:22:36,752 [INFO] ADCParametersView:116 -                Rank 1 : false
2025-05-23 17:22:36,752 [INFO] ADCParametersView:116 -                Rank 2 : false
2025-05-23 17:22:36,771 [INFO] ADCParametersView:116 -                Rank 1 : false
2025-05-23 17:22:36,771 [INFO] ADCParametersView:116 -                Rank 2 : false
2025-05-23 17:22:36,772 [INFO] ADCParametersView:116 -                Rank 1 : false
2025-05-23 17:22:36,772 [INFO] ADCParametersView:116 -                Rank 2 : false
2025-05-23 17:22:36,772 [INFO] ADCParametersView:116 -                Rank 1 : false
2025-05-23 17:22:36,772 [INFO] ADCParametersView:116 -                Rank 2 : false
2025-05-23 17:22:36,772 [INFO] ADCParametersView:116 -                Rank 1 : false
2025-05-23 17:22:36,772 [INFO] ADCParametersView:116 -                Rank 2 : false
2025-05-23 17:22:36,772 [INFO] ADCParametersView:116 -                Rank 1 : false
2025-05-23 17:22:36,772 [INFO] ADCParametersView:116 -                Rank 2 : false
2025-05-23 17:22:36,772 [INFO] ADCParametersView:116 -                Rank 1 : false
2025-05-23 17:22:36,772 [INFO] ADCParametersView:116 -                Rank 2 : false
2025-05-23 17:22:36,772 [INFO] ADCParametersView:116 -                Rank 1 : false
2025-05-23 17:22:36,772 [INFO] ADCParametersView:116 -                Rank 2 : false
2025-05-23 17:22:36,772 [INFO] ADCParametersView:116 -                Rank 1 : false
2025-05-23 17:22:36,772 [INFO] ADCParametersView:116 -                Rank 2 : false
2025-05-23 17:22:36,772 [INFO] ADCParametersView:116 -                Rank 1 : false
2025-05-23 17:22:36,772 [INFO] ADCParametersView:116 -                Rank 2 : false
2025-05-23 17:22:36,773 [INFO] ADCParametersView:116 -                Rank 1 : false
2025-05-23 17:22:36,773 [INFO] ADCParametersView:116 -                Rank 2 : false
2025-05-23 17:22:36,773 [INFO] ADCParametersView:116 -                Rank 1 : false
2025-05-23 17:22:36,773 [INFO] ADCParametersView:116 -                Rank 2 : false
2025-05-23 17:22:36,773 [INFO] ADCParametersView:116 -                Rank 1 : false
2025-05-23 17:22:36,773 [INFO] ADCParametersView:116 -                Rank 2 : false
2025-05-23 17:22:36,773 [INFO] ADCParametersView:116 -                Rank 1 : false
2025-05-23 17:22:36,773 [INFO] ADCParametersView:116 -                Rank 2 : false
2025-05-23 17:22:36,773 [INFO] ADCParametersView:116 -                Rank 1 : false
2025-05-23 17:22:36,773 [INFO] ADCParametersView:116 -                Rank 2 : false
2025-05-23 17:22:36,773 [INFO] ADCParametersView:116 -                Rank 1 : false
2025-05-23 17:22:36,773 [INFO] ADCParametersView:116 -                Rank 2 : false
2025-05-23 17:22:36,773 [INFO] ADCParametersView:116 -                Rank 1 : false
2025-05-23 17:22:36,773 [INFO] ADCParametersView:116 -                Rank 2 : false
2025-05-23 17:22:36,773 [INFO] ADCParametersView:116 -                Rank 1 : false
2025-05-23 17:22:36,773 [INFO] ADCParametersView:116 -                Rank 2 : false
2025-05-23 17:22:36,773 [INFO] ADCParametersView:116 -                Rank 1 : false
2025-05-23 17:22:36,773 [INFO] ADCParametersView:116 -                Rank 2 : false
2025-05-23 17:22:36,773 [INFO] ADCParametersView:116 -                Rank 1 : false
2025-05-23 17:22:36,773 [INFO] ADCParametersView:116 -                Rank 2 : false
2025-05-23 17:22:36,773 [INFO] ADCParametersView:116 -                Rank 2 : false
2025-05-23 17:22:36,781 [INFO] ADCParametersView:116 -                Rank 1 : false
2025-05-23 17:22:36,781 [INFO] ADCParametersView:116 -                Rank 1 : false
2025-05-23 17:22:36,781 [INFO] ADCParametersView:116 -                Rank 2 : false
2025-05-23 17:22:36,802 [INFO] ADCParametersView:116 -                Rank 1 : false
2025-05-23 17:22:36,802 [INFO] ADCParametersView:116 -                Rank 2 : false
2025-05-23 17:22:36,803 [INFO] ADCParametersView:116 -                Rank 1 : false
2025-05-23 17:22:36,803 [INFO] ADCParametersView:116 -                Rank 2 : false
2025-05-23 17:22:36,803 [INFO] ADCParametersView:116 -                Rank 1 : false
2025-05-23 17:22:36,803 [INFO] ADCParametersView:116 -                Rank 2 : false
2025-05-23 17:22:36,803 [INFO] ADCParametersView:116 -                Rank 1 : false
2025-05-23 17:22:36,804 [INFO] ADCParametersView:116 -                Rank 2 : false
2025-05-23 17:22:36,804 [INFO] ADCParametersView:116 -                Rank 1 : false
2025-05-23 17:22:36,804 [INFO] ADCParametersView:116 -                Rank 2 : false
2025-05-23 17:22:36,804 [INFO] ADCParametersView:116 -                Rank 1 : false
2025-05-23 17:22:36,804 [INFO] ADCParametersView:116 -                Rank 2 : false
2025-05-23 17:22:36,804 [INFO] ADCParametersView:116 -                Rank 1 : false
2025-05-23 17:22:36,804 [INFO] ADCParametersView:116 -                Rank 2 : false
2025-05-23 17:22:36,804 [INFO] ADCParametersView:116 -                Rank 1 : false
2025-05-23 17:22:36,804 [INFO] ADCParametersView:116 -                Rank 2 : false
2025-05-23 17:22:36,804 [INFO] ADCParametersView:116 -                Rank 1 : false
2025-05-23 17:22:36,804 [INFO] ADCParametersView:116 -                Rank 2 : false
2025-05-23 17:22:36,804 [INFO] ADCParametersView:116 -                Rank 1 : false
2025-05-23 17:22:36,804 [INFO] ADCParametersView:116 -                Rank 2 : false
2025-05-23 17:22:36,804 [INFO] ADCParametersView:116 -                Rank 1 : false
2025-05-23 17:22:36,804 [INFO] ADCParametersView:116 -                Rank 2 : false
2025-05-23 17:22:36,804 [INFO] ADCParametersView:116 -                Rank 1 : false
2025-05-23 17:22:36,804 [INFO] ADCParametersView:116 -                Rank 2 : false
2025-05-23 17:22:36,804 [INFO] ADCParametersView:116 -                Rank 1 : false
2025-05-23 17:22:36,804 [INFO] ADCParametersView:116 -                Rank 2 : false
2025-05-23 17:22:36,804 [INFO] ADCParametersView:116 -                Rank 1 : false
2025-05-23 17:22:36,804 [INFO] ADCParametersView:116 -                Rank 2 : false
2025-05-23 17:22:36,804 [INFO] ADCParametersView:116 -                Rank 1 : false
2025-05-23 17:22:36,804 [INFO] ADCParametersView:116 -                Rank 2 : false
2025-05-23 17:22:36,804 [INFO] ADCParametersView:116 -                Rank 1 : false
2025-05-23 17:22:36,804 [INFO] ADCParametersView:116 -                Rank 2 : false
2025-05-23 17:22:36,804 [INFO] ADCParametersView:116 -                Rank 1 : false
2025-05-23 17:22:36,804 [INFO] ADCParametersView:116 -                Rank 2 : false
2025-05-23 17:22:36,804 [INFO] ADCParametersView:116 -                Rank 1 : false
2025-05-23 17:22:36,804 [INFO] ADCParametersView:116 -                Rank 2 : false
2025-05-23 17:22:36,804 [INFO] ADCParametersView:116 -                Rank 1 : false
2025-05-23 17:22:36,804 [INFO] ADCParametersView:116 -                Rank 2 : false
2025-05-23 17:22:36,804 [INFO] ADCParametersView:116 -                Rank 2 : false
2025-05-23 17:22:36,823 [INFO] ADCParametersView:116 -                Rank 1 : false
2025-05-23 17:22:36,823 [INFO] ADCParametersView:116 -                Rank 1 : false
2025-05-23 17:22:36,823 [INFO] ADCParametersView:116 -                Rank 2 : false
2025-05-23 17:22:39,115 [INFO] ADCParametersView:116 -                Rank 1 : false
2025-05-23 17:22:39,115 [INFO] ADCParametersView:116 -                Rank 2 : true
2025-05-23 17:22:39,925 [INFO] ADCParametersView:116 -                Rank 1 : true
2025-05-23 17:22:39,925 [INFO] ADCParametersView:116 -                Rank 2 : true
2025-05-23 17:22:41,014 [INFO] UtilMem:75 - End SaveConfig() Used Memory: 581045992 Bytes (801112064)
2025-05-23 17:22:43,464 [INFO] UtilMem:75 - End SaveConfig() Used Memory: 596252392 Bytes (801112064)
2025-05-23 17:22:43,864 [INFO] UtilMem:75 - End SaveConfig() Used Memory: 621418216 Bytes (801112064)
2025-05-23 17:22:44,004 [INFO] BlockDiagram:2775 - set Specific Code input for plugin: NVIC
2025-05-23 17:22:44,004 [INFO] BlockDiagram:2775 - set Specific Code input for plugin: USART
2025-05-23 17:22:44,004 [INFO] BlockDiagram:2775 - set Specific Code input for plugin: DMA
2025-05-23 17:22:44,004 [INFO] BlockDiagram:2775 - set Specific Code input for plugin: TIM1_8L4
2025-05-23 17:22:44,004 [INFO] BlockDiagram:2775 - set Specific Code input for plugin: SYS
2025-05-23 17:22:44,005 [INFO] BlockDiagram:2775 - set Specific Code input for plugin: GPIO
2025-05-23 17:22:44,005 [INFO] BlockDiagram:2775 - set Specific Code input for plugin: ADC
2025-05-23 17:22:44,005 [INFO] BlockDiagram:2775 - set Specific Code input for plugin: RCC
2025-05-23 17:22:44,005 [INFO] CodeGenerator:882 - code generatio: config db path: C:\ST\STM32CubeIDE_1.18.0\STM32CubeIDE\plugins\com.st.stm32cube.common.mx_6.14.1.202504091515\\db\
2025-05-23 17:22:44,009 [INFO] Argument:325 - Argument : hdmavalue: null
2025-05-23 17:22:44,009 [INFO] Argument:327 - 	 sub Args: 
2025-05-23 17:22:44,009 [INFO] Argument:325 - Argument : Instancevalue: DMA1_Channel1
2025-05-23 17:22:44,009 [INFO] Argument:335 - Argument : Instancevalue: DMA1_Channel1
2025-05-23 17:22:44,010 [INFO] Argument:325 - Argument : Initvalue: null
2025-05-23 17:22:44,010 [INFO] Argument:327 - 	 sub Args: 
2025-05-23 17:22:44,010 [INFO] Argument:325 - Argument : Requestvalue: DMA_REQUEST_0
2025-05-23 17:22:44,010 [INFO] Argument:335 - Argument : Requestvalue: DMA_REQUEST_0
2025-05-23 17:22:44,010 [INFO] Argument:325 - Argument : Directionvalue: DMA_PERIPH_TO_MEMORY
2025-05-23 17:22:44,010 [INFO] Argument:335 - Argument : Directionvalue: DMA_PERIPH_TO_MEMORY
2025-05-23 17:22:44,010 [INFO] Argument:325 - Argument : PeriphIncvalue: DMA_PINC_DISABLE
2025-05-23 17:22:44,010 [INFO] Argument:335 - Argument : PeriphIncvalue: DMA_PINC_DISABLE
2025-05-23 17:22:44,010 [INFO] Argument:325 - Argument : MemIncvalue: DMA_MINC_ENABLE
2025-05-23 17:22:44,010 [INFO] Argument:335 - Argument : MemIncvalue: DMA_MINC_ENABLE
2025-05-23 17:22:44,010 [INFO] Argument:325 - Argument : PeriphDataAlignmentvalue: DMA_PDATAALIGN_HALFWORD
2025-05-23 17:22:44,010 [INFO] Argument:335 - Argument : PeriphDataAlignmentvalue: DMA_PDATAALIGN_HALFWORD
2025-05-23 17:22:44,010 [INFO] Argument:325 - Argument : MemDataAlignmentvalue: DMA_MDATAALIGN_HALFWORD
2025-05-23 17:22:44,010 [INFO] Argument:335 - Argument : MemDataAlignmentvalue: DMA_MDATAALIGN_HALFWORD
2025-05-23 17:22:44,010 [INFO] Argument:325 - Argument : Modevalue: DMA_NORMAL
2025-05-23 17:22:44,010 [INFO] Argument:335 - Argument : Modevalue: DMA_NORMAL
2025-05-23 17:22:44,010 [INFO] Argument:325 - Argument : Priorityvalue: DMA_PRIORITY_LOW
2025-05-23 17:22:44,010 [INFO] Argument:335 - Argument : Priorityvalue: DMA_PRIORITY_LOW
2025-05-23 17:22:44,010 [INFO] Argument:325 - Argument : Lockvalue: null
2025-05-23 17:22:44,010 [INFO] Argument:335 - Argument : Lockvalue: null
2025-05-23 17:22:44,010 [INFO] Argument:325 - Argument : Statevalue: null
2025-05-23 17:22:44,010 [INFO] Argument:335 - Argument : Statevalue: null
2025-05-23 17:22:44,010 [INFO] Argument:325 - Argument : Parentvalue: null
2025-05-23 17:22:44,010 [INFO] Argument:335 - Argument : Parentvalue: null
2025-05-23 17:22:44,010 [INFO] Argument:325 - Argument : XferCpltCallbackvalue: null
2025-05-23 17:22:44,010 [INFO] Argument:335 - Argument : XferCpltCallbackvalue: null
2025-05-23 17:22:44,010 [INFO] Argument:325 - Argument : XferHalfCpltCallbackvalue: null
2025-05-23 17:22:44,010 [INFO] Argument:335 - Argument : XferHalfCpltCallbackvalue: null
2025-05-23 17:22:44,010 [INFO] Argument:325 - Argument : XferErrorCallbackvalue: null
2025-05-23 17:22:44,010 [INFO] Argument:335 - Argument : XferErrorCallbackvalue: null
2025-05-23 17:22:44,010 [INFO] Argument:325 - Argument : XferAbortCallbackvalue: null
2025-05-23 17:22:44,010 [INFO] Argument:335 - Argument : XferAbortCallbackvalue: null
2025-05-23 17:22:44,010 [INFO] Argument:325 - Argument : ErrorCodevalue: null
2025-05-23 17:22:44,010 [INFO] Argument:335 - Argument : ErrorCodevalue: null
2025-05-23 17:22:44,010 [INFO] Argument:325 - Argument : DmaBaseAddressvalue: null
2025-05-23 17:22:44,010 [INFO] Argument:335 - Argument : DmaBaseAddressvalue: null
2025-05-23 17:22:44,010 [INFO] Argument:325 - Argument : ChannelIndexvalue: null
2025-05-23 17:22:44,010 [INFO] Argument:335 - Argument : ChannelIndexvalue: null
2025-05-23 17:22:44,010 [INFO] Argument:325 - Argument : hdmavalue: null
2025-05-23 17:22:44,010 [INFO] Argument:327 - 	 sub Args: 
2025-05-23 17:22:44,010 [INFO] Argument:325 - Argument : Instancevalue: DMA1_Channel1
2025-05-23 17:22:44,010 [INFO] Argument:335 - Argument : Instancevalue: DMA1_Channel1
2025-05-23 17:22:44,010 [INFO] Argument:325 - Argument : Initvalue: null
2025-05-23 17:22:44,010 [INFO] Argument:327 - 	 sub Args: 
2025-05-23 17:22:44,010 [INFO] Argument:325 - Argument : Requestvalue: DMA_REQUEST_0
2025-05-23 17:22:44,010 [INFO] Argument:335 - Argument : Requestvalue: DMA_REQUEST_0
2025-05-23 17:22:44,010 [INFO] Argument:325 - Argument : Directionvalue: DMA_PERIPH_TO_MEMORY
2025-05-23 17:22:44,010 [INFO] Argument:335 - Argument : Directionvalue: DMA_PERIPH_TO_MEMORY
2025-05-23 17:22:44,010 [INFO] Argument:325 - Argument : PeriphIncvalue: DMA_PINC_DISABLE
2025-05-23 17:22:44,010 [INFO] Argument:335 - Argument : PeriphIncvalue: DMA_PINC_DISABLE
2025-05-23 17:22:44,010 [INFO] Argument:325 - Argument : MemIncvalue: DMA_MINC_ENABLE
2025-05-23 17:22:44,010 [INFO] Argument:335 - Argument : MemIncvalue: DMA_MINC_ENABLE
2025-05-23 17:22:44,010 [INFO] Argument:325 - Argument : PeriphDataAlignmentvalue: DMA_PDATAALIGN_HALFWORD
2025-05-23 17:22:44,010 [INFO] Argument:335 - Argument : PeriphDataAlignmentvalue: DMA_PDATAALIGN_HALFWORD
2025-05-23 17:22:44,010 [INFO] Argument:325 - Argument : MemDataAlignmentvalue: DMA_MDATAALIGN_HALFWORD
2025-05-23 17:22:44,010 [INFO] Argument:335 - Argument : MemDataAlignmentvalue: DMA_MDATAALIGN_HALFWORD
2025-05-23 17:22:44,010 [INFO] Argument:325 - Argument : Modevalue: DMA_NORMAL
2025-05-23 17:22:44,010 [INFO] Argument:335 - Argument : Modevalue: DMA_NORMAL
2025-05-23 17:22:44,010 [INFO] Argument:325 - Argument : Priorityvalue: DMA_PRIORITY_LOW
2025-05-23 17:22:44,010 [INFO] Argument:335 - Argument : Priorityvalue: DMA_PRIORITY_LOW
2025-05-23 17:22:44,010 [INFO] Argument:325 - Argument : Lockvalue: null
2025-05-23 17:22:44,010 [INFO] Argument:335 - Argument : Lockvalue: null
2025-05-23 17:22:44,010 [INFO] Argument:325 - Argument : Statevalue: null
2025-05-23 17:22:44,011 [INFO] Argument:335 - Argument : Statevalue: null
2025-05-23 17:22:44,011 [INFO] Argument:325 - Argument : Parentvalue: null
2025-05-23 17:22:44,011 [INFO] Argument:335 - Argument : Parentvalue: null
2025-05-23 17:22:44,011 [INFO] Argument:325 - Argument : XferCpltCallbackvalue: null
2025-05-23 17:22:44,011 [INFO] Argument:335 - Argument : XferCpltCallbackvalue: null
2025-05-23 17:22:44,011 [INFO] Argument:325 - Argument : XferHalfCpltCallbackvalue: null
2025-05-23 17:22:44,011 [INFO] Argument:335 - Argument : XferHalfCpltCallbackvalue: null
2025-05-23 17:22:44,011 [INFO] Argument:325 - Argument : XferErrorCallbackvalue: null
2025-05-23 17:22:44,011 [INFO] Argument:335 - Argument : XferErrorCallbackvalue: null
2025-05-23 17:22:44,011 [INFO] Argument:325 - Argument : XferAbortCallbackvalue: null
2025-05-23 17:22:44,011 [INFO] Argument:335 - Argument : XferAbortCallbackvalue: null
2025-05-23 17:22:44,011 [INFO] Argument:325 - Argument : ErrorCodevalue: null
2025-05-23 17:22:44,011 [INFO] Argument:335 - Argument : ErrorCodevalue: null
2025-05-23 17:22:44,011 [INFO] Argument:325 - Argument : DmaBaseAddressvalue: null
2025-05-23 17:22:44,011 [INFO] Argument:335 - Argument : DmaBaseAddressvalue: null
2025-05-23 17:22:44,011 [INFO] Argument:325 - Argument : ChannelIndexvalue: null
2025-05-23 17:22:44,011 [INFO] Argument:335 - Argument : ChannelIndexvalue: null
2025-05-23 17:22:44,011 [INFO] Argument:325 - Argument : pSyncConfigvalue: null
2025-05-23 17:22:44,011 [INFO] Argument:327 - 	 sub Args: 
2025-05-23 17:22:44,011 [INFO] Argument:325 - Argument : SyncSignalIDvalue: null
2025-05-23 17:22:44,011 [INFO] Argument:335 - Argument : SyncSignalIDvalue: null
2025-05-23 17:22:44,011 [INFO] Argument:325 - Argument : SyncPolarityvalue: null
2025-05-23 17:22:44,011 [INFO] Argument:335 - Argument : SyncPolarityvalue: null
2025-05-23 17:22:44,011 [INFO] Argument:325 - Argument : SyncEnablevalue: null
2025-05-23 17:22:44,011 [INFO] Argument:335 - Argument : SyncEnablevalue: null
2025-05-23 17:22:44,011 [INFO] Argument:325 - Argument : EventEnablevalue: null
2025-05-23 17:22:44,011 [INFO] Argument:335 - Argument : EventEnablevalue: null
2025-05-23 17:22:44,011 [INFO] Argument:325 - Argument : RequestNumbervalue: null
2025-05-23 17:22:44,011 [INFO] Argument:335 - Argument : RequestNumbervalue: null
2025-05-23 17:22:44,065 [INFO] CodeEngine:263 - oldGeneratedFile, C:\Users\yttey\Desktop\TRC3500_Project3\Project3\MXTmpFiles\license.tmp_save
2025-05-23 17:22:44,136 [INFO] CodeEngine:287 - Generated code: C:\Users\yttey\Desktop\TRC3500_Project3\Project3\MXTmpFiles\license.tmp
2025-05-23 17:22:44,153 [INFO] CodeEngine:263 - oldGeneratedFile, C:\Users\yttey\Desktop\TRC3500_Project3\Project3\MXTmpFiles\gpio.tmp_save
2025-05-23 17:22:44,213 [INFO] CodeEngine:287 - Generated code: C:\Users\yttey\Desktop\TRC3500_Project3\Project3\MXTmpFiles\gpio.tmp
2025-05-23 17:22:44,312 [INFO] CodeEngine:263 - oldGeneratedFile, C:\Users\yttey\Desktop\TRC3500_Project3\Project3\MXTmpFiles\dma.tmp_save
2025-05-23 17:22:44,361 [INFO] CodeEngine:287 - Generated code: C:\Users\yttey\Desktop\TRC3500_Project3\Project3\MXTmpFiles\dma.tmp
2025-05-23 17:22:44,363 [INFO] CodeEngine:263 - oldGeneratedFile, C:\Users\yttey\Desktop\TRC3500_Project3\Project3\MXTmpFiles\dma_GV.tmp_save
2025-05-23 17:22:44,413 [INFO] CodeEngine:287 - Generated code: C:\Users\yttey\Desktop\TRC3500_Project3\Project3\MXTmpFiles\dma_GV.tmp
2025-05-23 17:22:44,422 [INFO] CodeEngine:263 - oldGeneratedFile, C:\Users\yttey\Desktop\TRC3500_Project3\Project3\Core\Src\stm32l4xx_it.c_save
2025-05-23 17:22:44,529 [INFO] CodeEngine:287 - Generated code: C:\Users\yttey\Desktop\TRC3500_Project3\Project3\Core\Src\stm32l4xx_it.c
2025-05-23 17:22:44,533 [INFO] CodeEngine:263 - oldGeneratedFile, C:\Users\yttey\Desktop\TRC3500_Project3\Project3\Core\Inc\stm32l4xx_it.h_save
2025-05-23 17:22:44,580 [INFO] CodeEngine:287 - Generated code: C:\Users\yttey\Desktop\TRC3500_Project3\Project3\Core\Inc\stm32l4xx_it.h
2025-05-23 17:22:44,592 [INFO] CodeEngine:263 - oldGeneratedFile, C:\Users\yttey\Desktop\TRC3500_Project3\Project3\Core\Src\stm32l4xx_hal_msp.c_save
2025-05-23 17:22:44,677 [INFO] CodeEngine:287 - Generated code: C:\Users\yttey\Desktop\TRC3500_Project3\Project3\Core\Src\stm32l4xx_hal_msp.c
2025-05-23 17:22:44,681 [INFO] CodeEngine:263 - oldGeneratedFile, C:\Users\yttey\Desktop\TRC3500_Project3\Project3\MXTmpFiles\system.tmp_save
2025-05-23 17:22:44,724 [INFO] CodeEngine:287 - Generated code: C:\Users\yttey\Desktop\TRC3500_Project3\Project3\MXTmpFiles\system.tmp
2025-05-23 17:22:44,732 [INFO] CodeEngine:319 - oldGeneratedFile, C:\Users\yttey\Desktop\TRC3500_Project3\Project3\Core\Inc\stm32l4xx_hal_conf.h_save
2025-05-23 17:22:44,780 [INFO] CodeEngine:343 - Generated code: C:\Users\yttey\Desktop\TRC3500_Project3\Project3\Core\Inc\stm32l4xx_hal_conf.h
2025-05-23 17:22:44,792 [WARN] IPConfigManager:3790 - IP not found : TIM
2025-05-23 17:22:44,792 [WARN] CodeGenerator:4198 - IP not found : null
2025-05-23 17:22:44,798 [INFO] CodeEngine:263 - oldGeneratedFile, C:\Users\yttey\Desktop\TRC3500_Project3\Project3\Core\Inc\main.h_save
2025-05-23 17:22:44,862 [INFO] CodeEngine:287 - Generated code: C:\Users\yttey\Desktop\TRC3500_Project3\Project3\Core\Inc\main.h
2025-05-23 17:22:44,866 [INFO] CodeEngine:263 - oldGeneratedFile, C:\Users\yttey\Desktop\TRC3500_Project3\Project3\Core\Src\main.c_save
2025-05-23 17:22:44,945 [INFO] CodeEngine:287 - Generated code: C:\Users\yttey\Desktop\TRC3500_Project3\Project3\Core\Src\main.c
2025-05-23 17:22:45,246 [INFO] ProjectBuilder:3324 - Time for Copy HAL[1] : 125mS.
2025-05-23 17:22:45,248 [INFO] ProjectBuilder:4912 - Project Generator version: 4.6.0.1-B1
2025-05-23 17:22:45,308 [INFO] ConfigFileManager:1590 - The Die is : DIE435
2025-05-23 17:22:46,134 [INFO] ProjectBuilder:5191 - Time for Generating toolchain IDE Files: 886mS.
2025-05-23 17:22:46,135 [INFO] ProjectBuilder:3181 - Time for Copy CMSIS : 0mS.
2025-05-23 17:22:46,138 [INFO] ProjectBuilder:3181 - Time for Copy CMSIS : 0mS.
2025-05-23 19:08:54,988 [ERROR] LogOutputStream:75 - [STDERR_REDIRECT] 
